number,value,datetime_start,datetime_complete,duration,params_dropout,params_hidden_power,params_imp_type,params_norm,params_num_layers,params_prune_type,params_residual,state
25,0.732333333,11:07.7,12:03.4,0 days 00:00:55.714463,0.7,9,fpgm,,2,group,TRUE,COMPLETE
21,0.731666667,07:32.1,08:28.1,0 days 00:00:55.997733,0.7,9,fpgm,,2,group,TRUE,COMPLETE
31,0.731666667,17:03.0,17:59.0,0 days 00:00:56.031762,0.7,9,fpgm,,2,group,TRUE,COMPLETE
41,0.731666667,27:11.2,28:07.6,0 days 00:00:56.346437,0.7,9,fpgm,,2,group,TRUE,COMPLETE
62,0.731666667,46:34.4,47:28.3,0 days 00:00:53.868490,0.7,9,fpgm,,2,group,TRUE,COMPLETE
81,0.731666667,04:58.9,05:55.3,0 days 00:00:56.431816,0.7,9,fpgm,,2,group,TRUE,COMPLETE
26,0.731333333,12:03.4,12:58.5,0 days 00:00:55.069776,0.7,9,fpgm,,2,group,TRUE,COMPLETE
51,0.731333333,36:35.2,37:31.9,0 days 00:00:56.692167,0.7,9,fpgm,,2,group,TRUE,COMPLETE
53,0.731333333,38:28.6,39:25.6,0 days 00:00:56.952416,0.7,9,fpgm,,2,group,TRUE,COMPLETE
61,0.731333333,45:40.4,46:34.4,0 days 00:00:54.000262,0.7,9,fpgm,,2,group,TRUE,COMPLETE
64,0.731333333,48:23.0,49:17.2,0 days 00:00:54.202506,0.7,9,fpgm,,2,group,TRUE,COMPLETE
71,0.731333333,54:54.7,55:49.7,0 days 00:00:55.022081,0.7,9,fpgm,,2,group,TRUE,COMPLETE
73,0.731333333,57:32.6,58:29.1,0 days 00:00:56.490114,0.7,9,fpgm,,2,group,TRUE,COMPLETE
82,0.731333333,05:55.4,06:51.8,0 days 00:00:56.415443,0.7,9,fpgm,,2,group,TRUE,COMPLETE
84,0.731333333,07:48.1,08:44.5,0 days 00:00:56.351859,0.7,9,fpgm,,2,group,TRUE,COMPLETE
91,0.731333333,14:09.7,15:05.5,0 days 00:00:55.827556,0.7,9,fpgm,,2,group,TRUE,COMPLETE
92,0.731333333,15:05.5,16:01.4,0 days 00:00:55.862614,0.7,9,fpgm,,2,group,TRUE,COMPLETE
94,0.731333333,16:57.6,17:53.5,0 days 00:00:55.909263,0.7,9,fpgm,,2,group,TRUE,COMPLETE
97,0.731333333,19:32.6,20:28.5,0 days 00:00:55.938758,0.7,9,lamp,,2,group,TRUE,COMPLETE
19,0.731,06:00.9,06:56.8,0 days 00:00:55.898768,0.7,9,fpgm,,2,group,TRUE,COMPLETE
32,0.731,17:59.1,18:55.6,0 days 00:00:56.549785,0.7,9,fpgm,,2,group,TRUE,COMPLETE
52,0.731,37:31.9,38:28.6,0 days 00:00:56.679453,0.7,9,fpgm,,2,group,TRUE,COMPLETE
67,0.731,51:19.5,52:15.1,0 days 00:00:55.592064,0.7,9,fpgm,,2,group,TRUE,COMPLETE
69,0.731,52:51.2,53:46.5,0 days 00:00:55.267144,0.7,9,fpgm,,2,bnscale,TRUE,COMPLETE
83,0.731,06:51.8,07:48.1,0 days 00:00:56.322010,0.7,9,fpgm,,2,group,TRUE,COMPLETE
93,0.731,16:01.4,16:57.6,0 days 00:00:56.154370,0.7,9,fpgm,,2,group,TRUE,COMPLETE
22,0.729333333,08:28.1,09:23.3,0 days 00:00:55.211224,0.5,9,fpgm,,2,group,TRUE,COMPLETE
56,0.729333333,41:19.0,42:14.9,0 days 00:00:55.895888,0.6,9,fpgm,,2,group,TRUE,COMPLETE
75,0.729333333,59:25.3,00:21.8,0 days 00:00:56.427900,0.6,9,fpgm,,2,group,TRUE,COMPLETE
95,0.729,17:53.5,18:49.6,0 days 00:00:56.047208,0.6,9,fpgm,,2,group,TRUE,COMPLETE
38,0.728666667,24:25.7,25:21.0,0 days 00:00:55.298364,0.6,9,group,,2,group,FALSE,COMPLETE
65,0.728666667,49:17.3,50:12.5,0 days 00:00:55.225341,0.6,9,fpgm,,2,group,TRUE,COMPLETE
45,0.726666667,31:09.6,32:06.1,0 days 00:00:56.453104,0.4,9,fpgm,,2,group,TRUE,COMPLETE
79,0.726666667,03:02.9,03:49.8,0 days 00:00:46.941855,0.2,7,fpgm,,2,group,TRUE,COMPLETE
29,0.726333333,15:31.0,16:19.3,0 days 00:00:48.320883,0.3,8,lamp,,2,group,TRUE,COMPLETE
76,0.724666667,00:21.8,01:17.4,0 days 00:00:55.580315,0.7,9,group,,2,base,FALSE,COMPLETE
58,0.724333333,42:58.7,43:45.9,0 days 00:00:47.174072,0.7,8,fpgm,,2,group,FALSE,COMPLETE
34,0.723666667,19:55.7,21:04.7,0 days 00:01:08.961002,0.7,9,lamp,,3,group,TRUE,COMPLETE
63,0.722333333,47:28.3,48:23.0,0 days 00:00:54.752702,0.8,9,fpgm,,2,group,TRUE,COMPLETE
85,0.722333333,08:44.5,09:40.9,0 days 00:00:56.394311,0.8,9,fpgm,,2,group,TRUE,COMPLETE
70,0.721666667,53:46.5,54:54.6,0 days 00:01:08.153356,0.6,9,fpgm,,3,group,TRUE,COMPLETE
50,0.721,35:38.7,36:35.2,0 days 00:00:56.534815,0.8,9,fpgm,,2,bnscale,TRUE,COMPLETE
44,0.720333333,30:13.0,31:09.6,0 days 00:00:56.593335,0.8,9,fpgm,,2,group,TRUE,COMPLETE
66,0.720333333,50:12.5,51:19.5,0 days 00:01:06.990127,0.5,9,lamp,,3,base,TRUE,COMPLETE
74,0.720333333,58:29.1,59:25.3,0 days 00:00:56.204165,0.8,9,fpgm,,2,group,TRUE,COMPLETE
80,0.72,03:49.9,04:58.9,0 days 00:01:09.046254,0.6,9,fpgm,,3,group,TRUE,COMPLETE
55,0.719333333,40:09.6,41:18.9,0 days 00:01:09.334951,0.7,9,fpgm,,3,group,TRUE,COMPLETE
86,0.719333333,09:40.9,10:49.8,0 days 00:01:08.897715,0.7,9,fpgm,,3,bnscale,TRUE,COMPLETE
23,0.719,09:23.3,10:31.7,0 days 00:01:08.422807,0.5,9,fpgm,,3,group,TRUE,COMPLETE
42,0.719,28:07.6,29:03.9,0 days 00:00:56.276240,0.8,9,fpgm,,2,group,TRUE,COMPLETE
88,0.718666667,11:33.3,12:26.7,0 days 00:00:53.388539,0.8,9,fpgm,,2,group,FALSE,COMPLETE
99,0.717666667,22:08.9,22:52.0,0 days 00:00:43.109312,0.4,6,fpgm,,2,group,TRUE,COMPLETE
43,0.717,29:03.9,30:13.0,0 days 00:01:09.098189,0.7,9,fpgm,,3,group,TRUE,COMPLETE
89,0.712666667,12:26.7,13:10.2,0 days 00:00:43.471535,0,8,group,,2,group,TRUE,COMPLETE
27,0.706333333,12:58.5,13:58.1,0 days 00:00:59.541719,0.7,8,fpgm,,3,group,TRUE,COMPLETE
11,0.702,58:35.0,59:34.5,0 days 00:00:59.446084,0.8,9,fpgm,layer,2,base,TRUE,COMPLETE
18,0.702,05:03.2,06:00.9,0 days 00:00:57.740132,0.7,9,fpgm,layer,2,base,TRUE,COMPLETE
16,0.701666667,03:18.3,04:17.8,0 days 00:00:59.504120,0.7,9,fpgm,layer,2,base,TRUE,COMPLETE
47,0.699,32:50.2,33:42.2,0 days 00:00:52.065636,0.1,7,lamp,,3,group,TRUE,COMPLETE
7,0.698333333,53:40.7,54:45.9,0 days 00:01:05.248440,0.6,8,fpgm,layer,3,base,FALSE,COMPLETE
10,0.697,57:35.7,58:35.0,0 days 00:00:59.292478,0.8,9,fpgm,layer,2,base,TRUE,COMPLETE
14,0.694,01:04.1,02:15.0,0 days 00:01:10.958159,0.5,9,fpgm,layer,3,base,FALSE,COMPLETE
3,0.692333333,49:12.6,50:20.1,0 days 00:01:07.492302,0.1,7,group,,4,base,TRUE,COMPLETE
12,0.690333333,59:34.5,00:26.1,0 days 00:00:51.632770,0.6,8,fpgm,layer,2,base,TRUE,COMPLETE
40,0.682333333,26:35.5,27:11.2,0 days 00:00:35.652969,0.3,8,fpgm,,1,group,FALSE,COMPLETE
46,0.681333333,32:06.1,32:50.2,0 days 00:00:44.086506,0.6,9,group,,1,bnscale,TRUE,COMPLETE
87,0.681333333,10:49.8,11:33.3,0 days 00:00:43.419528,0.6,9,fpgm,,1,group,TRUE,COMPLETE
30,0.680333333,16:19.3,17:03.0,0 days 00:00:43.671728,0.8,9,group,,1,group,TRUE,COMPLETE
35,0.680333333,21:04.7,21:48.4,0 days 00:00:43.646634,0.8,9,fpgm,,1,group,TRUE,COMPLETE
54,0.680333333,39:25.6,40:09.6,0 days 00:00:43.952293,0.8,9,fpgm,,1,group,TRUE,COMPLETE
57,0.680333333,42:14.9,42:58.7,0 days 00:00:43.814275,0.8,9,fpgm,,1,group,TRUE,COMPLETE
96,0.680333333,18:49.6,19:32.5,0 days 00:00:42.977524,0.8,9,fpgm,,1,group,TRUE,COMPLETE
20,0.68,06:56.8,07:32.1,0 days 00:00:35.224674,0.3,8,fpgm,,1,group,TRUE,COMPLETE
13,0.679666667,00:26.1,01:04.0,0 days 00:00:37.913500,0.7,8,fpgm,layer,1,base,TRUE,COMPLETE
15,0.679666667,02:15.0,03:18.3,0 days 00:01:03.276051,0.4,8,fpgm,layer,3,base,TRUE,COMPLETE
17,0.679666667,04:17.9,05:03.1,0 days 00:00:45.277947,0.8,9,fpgm,layer,1,base,TRUE,COMPLETE
24,0.679666667,10:31.8,11:07.7,0 days 00:00:35.916206,0.5,8,fpgm,,1,group,TRUE,COMPLETE
68,0.679,52:15.1,52:51.2,0 days 00:00:36.052146,0.8,8,fpgm,layer,1,group,TRUE,COMPLETE
60,0.678666667,44:56.6,45:40.3,0 days 00:00:43.742242,0.7,9,group,,1,group,TRUE,COMPLETE
78,0.677666667,02:17.4,03:02.9,0 days 00:00:45.430191,0.7,9,lamp,layer,1,group,TRUE,COMPLETE
8,0.675,54:45.9,56:01.6,0 days 00:01:15.683461,0.6,7,group,layer,4,group,TRUE,COMPLETE
77,0.671666667,01:17.4,02:17.4,0 days 00:01:00.043721,0.8,9,fpgm,batch,2,group,TRUE,COMPLETE
6,0.670333333,53:05.6,53:40.6,0 days 00:00:35.026466,0.8,7,group,layer,1,group,FALSE,COMPLETE
98,0.666333333,20:28.5,22:08.9,0 days 00:01:40.370842,0.6,9,fpgm,layer,5,group,TRUE,COMPLETE
39,0.659666667,25:21.0,26:35.5,0 days 00:01:14.524008,0.6,9,fpgm,batch,3,bnscale,TRUE,COMPLETE
59,0.659333333,43:45.9,44:56.6,0 days 00:01:10.681970,0.6,9,fpgm,batch,3,group,TRUE,COMPLETE
28,0.656,13:58.1,15:31.0,0 days 00:01:32.874312,0.6,9,group,,5,group,TRUE,COMPLETE
90,0.655333333,13:10.2,14:09.7,0 days 00:00:59.477075,0.7,9,fpgm,batch,2,base,TRUE,COMPLETE
33,0.652666667,18:55.6,19:55.7,0 days 00:01:00.108962,0.6,9,fpgm,batch,2,group,TRUE,COMPLETE
9,0.645666667,56:01.6,57:35.7,0 days 00:01:34.053119,0,7,lamp,,6,bnscale,TRUE,COMPLETE
2,0.645333333,47:58.4,49:12.6,0 days 00:01:14.148479,0.6,9,lamp,batch,3,base,FALSE,COMPLETE
4,0.638666667,50:20.1,51:52.5,0 days 00:01:32.401494,0.2,6,fpgm,,6,bnscale,FALSE,COMPLETE
72,0.621,55:49.7,57:32.6,0 days 00:01:42.876871,0.7,9,fpgm,,6,group,TRUE,COMPLETE
49,0.620333333,34:26.6,35:38.7,0 days 00:01:12.106185,0.7,8,fpgm,,4,group,TRUE,COMPLETE
36,0.613666667,21:48.4,23:04.0,0 days 00:01:15.646172,0.5,8,fpgm,batch,4,bnscale,FALSE,COMPLETE
1,0.519666667,46:31.6,47:58.4,0 days 00:01:26.795648,0.4,7,lamp,batch,5,bnscale,FALSE,COMPLETE
48,0.433,33:42.3,34:26.5,0 days 00:00:44.261293,0.6,6,fpgm,batch,2,group,FALSE,COMPLETE
37,0.358,23:04.1,24:25.7,0 days 00:01:21.608116,0.7,6,lamp,,5,group,TRUE,COMPLETE
0,0.332666667,45:44.3,46:31.6,0 days 00:00:47.226247,0.1,6,group,batch,2,group,FALSE,COMPLETE
5,0.265333333,51:52.5,53:05.6,0 days 00:01:13.088142,0,6,lamp,batch,4,bnscale,FALSE,COMPLETE
