number,value,datetime_start,datetime_complete,duration,params_reset,state,params_prune_rate,params_momentum,params_momentum,params_kd_lr,params_kd_weight_decay,params_lamb,params_kd_warmup,params_kd_scheduler,params_kd_T_0,params_label_smoothing
121,0.8115272789464684,2025-05-19 04:21:10.400506,2025-05-19 04:21:52.223289,0 days 00:00:41.822783,False,COMPLETE,0.5,0.8,0.8,0.0014432454664282679,0.00010313476056744887,0.9,0.0,True,30.0,0.15000000000000002
99,0.8105581209737188,2025-05-19 04:07:24.122116,2025-05-19 04:08:02.056083,0 days 00:00:37.933967,False,COMPLETE,0.5,0.8,0.8,0.002892212479326041,0.00016133943168610226,0.9,0.0,True,30.0,0.1
103,0.8104441023886894,2025-05-19 04:09:49.372623,2025-05-19 04:10:26.397193,0 days 00:00:37.024570,False,COMPLETE,0.5,0.8,0.8,0.003023347402182593,8.173812969329293e-05,0.9,0.0,True,30.0,0.1
100,0.8102160652186307,2025-05-19 04:08:02.097497,2025-05-19 04:08:43.255256,0 days 00:00:41.157759,False,COMPLETE,0.5,0.8,0.8,0.003075084082563933,4.966484947250273e-05,0.9,0.0,True,30.0,0.1
120,0.8102160652186307,2025-05-19 04:20:28.508530,2025-05-19 04:21:10.360716,0 days 00:00:41.852186,False,COMPLETE,0.5,0.8,0.8,0.0017272438652194053,0.00010063643726659388,0.9,0.0,True,30.0,0.15000000000000002
124,0.8101590559261159,2025-05-19 04:23:14.870116,2025-05-19 04:23:56.095199,0 days 00:00:41.225083,False,COMPLETE,0.5,0.8,0.8,0.0013805827405589783,0.00010278241798733418,0.9,0.0,True,30.0,0.15000000000000002
123,0.8101590559261159,2025-05-19 04:22:35.550402,2025-05-19 04:23:14.826324,0 days 00:00:39.275922,False,COMPLETE,0.5,0.8,0.8,0.0014793165235328044,0.00010203338151780451,0.9,0.0,True,30.0,0.15000000000000002
94,0.8101020466336012,2025-05-19 04:04:29.546134,2025-05-19 04:05:06.215445,0 days 00:00:36.669311,False,COMPLETE,0.5,0.8,0.8,0.0073651301489074845,2.9285519122396455e-05,0.9,0.0,True,60.0,0.1
116,0.8100450373410867,2025-05-19 04:18:06.605022,2025-05-19 04:18:47.723830,0 days 00:00:41.118808,False,COMPLETE,0.5,0.8,0.8,0.0017214597245981868,9.382501497738284e-05,0.9,0.0,True,60.0,0.05
35,0.8097599908785132,2025-05-19 03:25:46.977633,2025-05-19 03:26:28.018988,0 days 00:00:41.041355,True,COMPLETE,0.5,0.995,0.995,0.001106026881653452,0.0005600017194491428,0.9,0.05,False,,0.25
122,0.8097599908785131,2025-05-19 04:21:52.261993,2025-05-19 04:22:35.509936,0 days 00:00:43.247943,False,COMPLETE,0.5,0.8,0.8,0.0015203122537760694,0.0001137385985615241,0.9,0.0,True,30.0,0.15000000000000002
109,0.8095889630009693,2025-05-19 04:13:38.835820,2025-05-19 04:14:16.611636,0 days 00:00:37.775816,False,COMPLETE,0.5,0.8,0.8,0.002434599240640641,0.0001876399578795267,0.9,0.0,True,60.0,0.1
104,0.8094749444159398,2025-05-19 04:10:26.435681,2025-05-19 04:11:06.249787,0 days 00:00:39.814106,False,COMPLETE,0.5,0.8,0.8,0.003081069308947871,9.30803268934764e-05,0.9,0.0,True,30.0,0.1
88,0.8093609258309105,2025-05-19 04:01:00.293522,2025-05-19 04:01:37.978982,0 days 00:00:37.685460,False,COMPLETE,0.5,0.8,0.8,0.005756964020177635,2.854947929367906e-05,0.9,0.0,False,,0.15000000000000002
69,0.8093609258309105,2025-05-19 03:48:55.787966,2025-05-19 03:49:39.236610,0 days 00:00:43.448644,True,COMPLETE,0.5,0.995,0.995,0.001701216702050534,4.7167388523192653e-05,0.8,0.0,False,,0.3
89,0.8091328886608516,2025-05-19 04:01:38.021374,2025-05-19 04:02:12.906432,0 days 00:00:34.885058,False,COMPLETE,0.5,0.8,0.8,0.006769529361889753,1.9022181398272503e-05,0.9,0.0,True,60.0,0.1
114,0.8090188700758224,2025-05-19 04:16:46.684471,2025-05-19 04:17:29.068321,0 days 00:00:42.383850,False,COMPLETE,0.5,0.8,0.8,0.0016376449274686023,5.8044513704979103e-05,0.9,0.0,True,60.0,0.05
96,0.8090188700758224,2025-05-19 04:05:43.801365,2025-05-19 04:06:18.932717,0 days 00:00:35.131352,False,COMPLETE,0.5,0.8,0.8,0.0041331411952336425,5.502319230245694e-05,0.9,0.0,True,30.0,0.1
97,0.8089618607833078,2025-05-19 04:06:18.971158,2025-05-19 04:06:51.468650,0 days 00:00:32.497492,False,COMPLETE,0.5,0.8,0.8,0.004003747292792431,5.88120107035298e-05,0.9,0.0,True,30.0,0.1
119,0.8087908329057636,2025-05-19 04:19:47.240874,2025-05-19 04:20:28.468750,0 days 00:00:41.227876,False,COMPLETE,0.5,0.8,0.8,0.0021313455609810023,7.563097035216135e-05,0.9,0.0,True,60.0,0.05
110,0.8087338236132489,2025-05-19 04:14:16.652528,2025-05-19 04:14:54.000970,0 days 00:00:37.348442,False,COMPLETE,0.5,0.8,0.8,0.0024569914290312753,0.0001832246004486871,0.9,0.0,True,60.0,0.15000000000000002
115,0.8086768143207342,2025-05-19 04:17:29.106786,2025-05-19 04:18:06.566140,0 days 00:00:37.459354,False,COMPLETE,0.5,0.99,0.99,0.002632653911365129,0.0003152728804210164,0.9,0.0,True,60.0,0.0
111,0.8086198050282197,2025-05-19 04:14:54.042646,2025-05-19 04:15:28.002073,0 days 00:00:33.959427,False,COMPLETE,0.5,0.8,0.8,0.00398059585651895,9.235584312156497e-05,0.9,0.0,True,60.0,0.1
108,0.8083917678581609,2025-05-19 04:12:59.576448,2025-05-19 04:13:38.795335,0 days 00:00:39.218887,False,COMPLETE,0.5,0.8,0.8,0.0030434434749899643,4.665405083376774e-05,0.9,0.0,True,30.0,0.1
90,0.8083917678581608,2025-05-19 04:02:12.946984,2025-05-19 04:02:49.468266,0 days 00:00:36.521282,False,COMPLETE,0.5,0.8,0.8,0.007819469202698884,3.066125580293124e-05,0.9,0.0,True,30.0,0.1
40,0.8083917678581608,2025-05-19 03:29:14.849434,2025-05-19 03:30:05.302279,0 days 00:00:50.452845,True,COMPLETE,0.5,0.995,0.995,0.0004828385751323515,0.0009040471645812495,0.7000000000000001,0.05,False,,0.3
43,0.8082207399806168,2025-05-19 03:31:37.922662,2025-05-19 03:32:25.217547,0 days 00:00:47.294885,True,COMPLETE,0.5,0.995,0.995,0.0004903739331312942,0.0008693385923585671,0.8,0.05,False,,0.3
91,0.8081637306881021,2025-05-19 04:02:49.507788,2025-05-19 04:03:18.120751,0 days 00:00:28.612963,False,COMPLETE,0.5,0.8,0.8,0.007582718984769028,3.163869173343516e-05,0.9,0.0,True,30.0,0.1
112,0.8081067213955876,2025-05-19 04:15:28.045404,2025-05-19 04:16:06.887603,0 days 00:00:38.842199,False,COMPLETE,0.5,0.8,0.8,0.0052706226931791165,0.00013685442639399298,0.9,0.0,True,30.0,0.1
87,0.8079356935180435,2025-05-19 04:00:34.043668,2025-05-19 04:01:00.253709,0 days 00:00:26.210041,False,COMPLETE,0.5,0.8,0.8,0.007340827614697222,2.3725400742221814e-05,0.9,0.0,False,,0.15000000000000002
106,0.8079356935180435,2025-05-19 04:11:43.560607,2025-05-19 04:12:16.640830,0 days 00:00:33.080223,False,COMPLETE,0.5,0.8,0.8,0.003910683556088544,8.080826093196862e-05,0.9,0.0,True,30.0,0.1
107,0.807821674933014,2025-05-19 04:12:16.679565,2025-05-19 04:12:59.536878,0 days 00:00:42.857313,False,COMPLETE,0.5,0.8,0.8,0.0021744764252537014,6.668181097177943e-05,0.9,0.0,True,30.0,0.05
101,0.8077646656404994,2025-05-19 04:08:43.295207,2025-05-19 04:09:13.248742,0 days 00:00:29.953535,False,COMPLETE,0.5,0.8,0.8,0.002848901625064375,0.00016498015066750905,0.9,0.0,True,30.0,0.1
113,0.8077646656404994,2025-05-19 04:16:06.930629,2025-05-19 04:16:46.646283,0 days 00:00:39.715654,False,COMPLETE,0.5,0.8,0.8,0.0021455662399919493,3.853598201434353e-05,0.9,0.0,True,30.0,0.1
105,0.8077076563479847,2025-05-19 04:11:06.288380,2025-05-19 04:11:43.521645,0 days 00:00:37.233265,False,COMPLETE,0.5,0.8,0.8,0.003239224097092351,0.00013136386423652475,0.9,0.0,True,30.0,0.1
118,0.80765064705547,2025-05-19 04:19:13.706880,2025-05-19 04:19:47.197823,0 days 00:00:33.490943,False,COMPLETE,0.5,0.8,0.8,0.004618471872064761,1.9560423582725853e-05,0.9,0.0,True,90.0,0.1
77,0.807479619177926,2025-05-19 03:54:31.724561,2025-05-19 03:55:06.085589,0 days 00:00:34.361028,False,COMPLETE,0.5,0.8,0.8,0.006498902308865602,1.5955114654293047e-05,0.8,0.0,False,,0.2
83,0.8074226098854114,2025-05-19 03:58:19.028991,2025-05-19 03:58:56.315470,0 days 00:00:37.286479,False,COMPLETE,0.5,0.8,0.8,0.00971270531775056,1.1184511493271396e-05,0.8,0.0,False,,0.2
81,0.8073656005928966,2025-05-19 03:57:05.201067,2025-05-19 03:57:45.047928,0 days 00:00:39.846861,False,COMPLETE,0.5,0.8,0.8,0.009913065637826903,1.2501337652253101e-05,0.8,0.0,False,,0.25
92,0.8072515820078673,2025-05-19 04:03:18.160370,2025-05-19 04:03:59.216507,0 days 00:00:41.056137,False,COMPLETE,0.5,0.8,0.8,0.00674516377357786,3.472181347191968e-05,0.9,0.0,True,30.0,0.1
76,0.8072515820078673,2025-05-19 03:53:54.449119,2025-05-19 03:54:31.683289,0 days 00:00:37.234170,False,COMPLETE,0.5,0.8,0.8,0.005895426490302461,2.3473358040578966e-05,0.8,0.0,False,,0.25
85,0.8071375634228378,2025-05-19 03:59:29.689970,2025-05-19 04:00:00.227508,0 days 00:00:30.537538,False,COMPLETE,0.5,0.8,0.8,0.009237826937444083,1.5340531903916974e-05,0.9,0.0,False,,0.15000000000000002
86,0.8070805541303233,2025-05-19 04:00:00.267407,2025-05-19 04:00:34.003019,0 days 00:00:33.735612,False,COMPLETE,0.5,0.8,0.8,0.008055324924242718,1.5496597366548885e-05,0.9,0.0,False,,0.1
98,0.8070235448378086,2025-05-19 04:06:51.506989,2025-05-19 04:07:24.081918,0 days 00:00:32.574929,False,COMPLETE,0.5,0.8,0.8,0.004090665026365814,6.221290633389101e-05,0.9,0.0,True,60.0,0.05
82,0.806966535545294,2025-05-19 03:57:45.089212,2025-05-19 03:58:18.988209,0 days 00:00:33.898997,False,COMPLETE,0.5,0.8,0.8,0.009858139814295007,1.0305905031275908e-05,0.8,0.0,False,,0.2
117,0.8067384983752351,2025-05-19 04:18:47.762447,2025-05-19 04:19:13.667954,0 days 00:00:25.905507,False,COMPLETE,0.5,0.8,0.8,0.0032435101127211495,0.0001971966512422604,0.9,0.0,True,60.0,0.05
74,0.8066244797902057,2025-05-19 03:52:29.877680,2025-05-19 03:53:12.996173,0 days 00:00:43.118493,True,COMPLETE,0.5,0.8,0.8,0.0024105793421480377,0.00010699450934690282,0.7000000000000001,0.0,False,,0.25
102,0.8065674704976912,2025-05-19 04:09:13.287326,2025-05-19 04:09:49.334161,0 days 00:00:36.046835,False,COMPLETE,0.5,0.8,0.8,0.005501732053057096,5.154840989035195e-05,0.9,0.0,True,30.0,0.1
41,0.8063394333276325,2025-05-19 03:30:05.342530,2025-05-19 03:30:51.331380,0 days 00:00:45.988850,True,COMPLETE,0.5,0.995,0.995,0.00047983370799780896,0.0008856834370641238,0.7000000000000001,0.05,False,,0.3
67,0.806225414742603,2025-05-19 03:47:27.032275,2025-05-19 03:48:12.436381,0 days 00:00:45.404106,True,COMPLETE,0.5,0.995,0.995,0.00027364067109873606,0.0010392090749569672,0.8,0.05,False,,0.25
84,0.8061684054500885,2025-05-19 03:58:56.354503,2025-05-19 03:59:29.650794,0 days 00:00:33.296291,False,COMPLETE,0.5,0.8,0.8,0.009180908620433586,1.1058970064108702e-05,0.8,0.0,False,,0.2
79,0.806054386865059,2025-05-19 03:55:46.192946,2025-05-19 03:56:23.056080,0 days 00:00:36.863134,False,COMPLETE,0.5,0.8,0.8,0.005007446266247906,2.239017942378625e-05,0.8,0.0,False,,0.2
70,0.8058263496950003,2025-05-19 03:49:39.276743,2025-05-19 03:50:22.299524,0 days 00:00:43.022781,True,COMPLETE,0.5,0.8,0.8,0.0018256406024662242,4.875181545612167e-05,0.7000000000000001,0.0,False,,0.25
93,0.8056553218174564,2025-05-19 04:03:59.256672,2025-05-19 04:04:29.507626,0 days 00:00:30.250954,False,COMPLETE,0.5,0.8,0.8,0.004883551539263904,8.26380654866734e-05,0.9,0.0,True,30.0,0.1
50,0.8055413032324269,2025-05-19 03:36:13.422917,2025-05-19 03:36:57.484538,0 days 00:00:44.061621,True,COMPLETE,0.5,0.995,0.995,0.0011412061154515575,0.0002459421850183122,0.6,0.05,False,,0.3
46,0.8054842939399123,2025-05-19 03:33:57.975043,2025-05-19 03:34:41.337040,0 days 00:00:43.361997,True,COMPLETE,0.5,0.995,0.995,0.0007432731998102045,0.0030876567398511142,0.9,0.05,False,,0.3
38,0.8053702753548828,2025-05-19 03:27:43.913180,2025-05-19 03:28:27.986928,0 days 00:00:44.073748,True,COMPLETE,0.5,0.995,0.995,0.00024081540697289076,0.0016588237698420087,0.8,0.05,False,,0.25
72,0.8053702753548828,2025-05-19 03:51:03.699050,2025-05-19 03:51:47.092203,0 days 00:00:43.393153,True,COMPLETE,0.5,0.8,0.8,0.0019023592143128801,4.354655521306613e-05,0.8,0.0,False,,0.3
75,0.8053702753548828,2025-05-19 03:53:13.034388,2025-05-19 03:53:54.410227,0 days 00:00:41.375839,True,COMPLETE,0.5,0.8,0.8,0.0035174809082058854,0.00010897172489680323,0.7000000000000001,0.0,False,,0.25
34,0.8053132660623682,2025-05-19 03:25:02.459229,2025-05-19 03:25:46.935840,0 days 00:00:44.476611,True,COMPLETE,0.5,0.9,0.9,0.0010807026138559075,0.000683146879539081,0.7000000000000001,0.05,False,,0.25
8,0.8053132660623682,2025-05-19 03:09:13.611528,2025-05-19 03:09:57.528628,0 days 00:00:43.917100,True,COMPLETE,0.5,0.9,0.9,0.0002226896955708008,0.0013535366216556495,0.8,0.05,False,,0.2
62,0.8052562567698535,2025-05-19 03:44:11.527265,2025-05-19 03:44:53.122937,0 days 00:00:41.595672,True,COMPLETE,0.5,0.995,0.995,0.0009010622610511866,0.001554602743893246,0.8,0.05,False,,0.25
71,0.8051992474773387,2025-05-19 03:50:22.337489,2025-05-19 03:51:03.659289,0 days 00:00:41.321800,True,COMPLETE,0.5,0.8,0.8,0.003480909268019331,2.4424761808197256e-05,0.7000000000000001,0.0,False,,0.25
39,0.8046291545521921,2025-05-19 03:28:28.025487,2025-05-19 03:29:14.807104,0 days 00:00:46.781617,False,COMPLETE,0.5,0.995,0.995,0.00023249848249987256,0.0018230678286141554,0.7000000000000001,0.05,False,,0.25
48,0.8045721452596774,2025-05-19 03:35:03.594624,2025-05-19 03:35:46.923354,0 days 00:00:43.328730,False,COMPLETE,0.5,0.995,0.995,0.0005231898580135708,0.002682484689052917,0.9,0.0,False,,0.3
51,0.8041730802120745,2025-05-19 03:36:57.522277,2025-05-19 03:37:40.599846,0 days 00:00:43.077569,True,COMPLETE,0.5,0.995,0.995,0.0011669572385834333,0.0002446766737736614,0.6,0.05,False,,0.3
56,0.8040020523345305,2025-05-19 03:40:34.492632,2025-05-19 03:41:14.770314,0 days 00:00:40.277682,True,COMPLETE,0.5,0.995,0.995,0.0019259239693411004,0.001073938919759393,0.9,0.05,False,,0.3
52,0.8038880337495011,2025-05-19 03:37:40.639494,2025-05-19 03:38:17.456131,0 days 00:00:36.816637,True,COMPLETE,0.5,0.995,0.995,0.0015575499763256634,0.0008651164343515016,0.7000000000000001,0.05,False,,0.3
45,0.8034319594093837,2025-05-19 03:33:11.250588,2025-05-19 03:33:57.935687,0 days 00:00:46.685099,True,COMPLETE,0.5,0.995,0.995,0.00029155271663042876,0.0008909297224750381,0.7000000000000001,0.05,False,,0.3
55,0.8032039222393251,2025-05-19 03:39:50.998967,2025-05-19 03:40:34.453334,0 days 00:00:43.454367,True,COMPLETE,0.5,0.995,0.995,0.00028860379158459135,0.0028274631178759613,0.6,0.05,False,,0.25
54,0.8029188757767516,2025-05-19 03:39:05.619381,2025-05-19 03:39:50.960758,0 days 00:00:45.341377,True,COMPLETE,0.5,0.995,0.995,0.000847181396734036,0.0002641031539270306,0.8,0.0,False,,0.3
22,0.8014936434638846,2025-05-19 03:17:47.534802,2025-05-19 03:18:24.445762,0 days 00:00:36.910960,True,COMPLETE,0.6,0.99,0.99,0.002657718115528863,1.293994266091513e-05,0.8,0.15,True,120.0,0.2
66,0.8013796248788553,2025-05-19 03:46:43.745227,2025-05-19 03:47:26.991769,0 days 00:00:43.246542,True,COMPLETE,0.5,0.995,0.995,0.00042061267582273014,0.0037029373557530185,0.7000000000000001,0.05,False,,0.25
12,0.8012656062938258,2025-05-19 03:11:23.490500,2025-05-19 03:12:01.394998,0 days 00:00:37.904498,True,COMPLETE,0.6,0.9,0.9,0.0026114678399755623,9.450553736027525e-05,0.9,0.15,True,90.0,0.2
28,0.8009805598312525,2025-05-19 03:21:35.169767,2025-05-19 03:22:11.073882,0 days 00:00:35.904115,True,COMPLETE,0.5,0.9,0.9,0.0005925488403021862,0.004270371236543284,0.7000000000000001,0.1,False,,0.15000000000000002
57,0.8004104669061057,2025-05-19 03:41:14.809622,2025-05-19 03:41:57.615652,0 days 00:00:42.806030,True,COMPLETE,0.5,0.995,0.995,0.0006674189025392468,0.0005748792926353275,0.5,0.05,False,,0.25
73,0.8001254204435323,2025-05-19 03:51:47.133339,2025-05-19 03:52:29.837103,0 days 00:00:42.703764,True,COMPLETE,0.5,0.8,0.8,0.0013623559479131256,5.8223290264370944e-05,0.6,0.0,False,,0.25
31,0.7998403739809589,2025-05-19 03:23:41.579775,2025-05-19 03:24:23.370442,0 days 00:00:41.790667,True,COMPLETE,0.5,0.9,0.9,0.0004106743781506806,0.004631819616141506,0.7000000000000001,0.1,False,,0.15000000000000002
64,0.7997263553959296,2025-05-19 03:45:19.166967,2025-05-19 03:46:00.563260,0 days 00:00:41.396293,True,COMPLETE,0.5,0.995,0.995,0.0003577034820430727,0.00041383288919662946,0.7000000000000001,0.05,False,,0.0
37,0.7991562624707828,2025-05-19 03:27:07.276349,2025-05-19 03:27:43.873362,0 days 00:00:36.597013,True,COMPLETE,0.5,0.995,0.995,0.0009005205781230149,0.00036351405988558787,0.5,0.05,False,,0.3
80,0.7987001881306653,2025-05-19 03:56:23.098835,2025-05-19 03:57:05.162598,0 days 00:00:42.063763,False,COMPLETE,0.6,0.8,0.8,0.004445039344346304,3.270815223261093e-05,0.8,0.0,False,,0.2
26,0.7985861695456359,2025-05-19 03:20:08.378098,2025-05-19 03:20:50.059657,0 days 00:00:41.681559,False,COMPLETE,0.7,0.99,0.99,0.002197818758962217,3.836963541223186e-05,0.9,0.05,True,120.0,0.3
25,0.7984721509606066,2025-05-19 03:19:36.557419,2025-05-19 03:20:08.334984,0 days 00:00:31.777565,True,COMPLETE,0.6,0.9,0.9,0.005945114665533978,7.257628015182912e-05,0.8,0.1,True,60.0,0.2
63,0.7983011230830627,2025-05-19 03:44:53.161385,2025-05-19 03:45:19.127283,0 days 00:00:25.965898,True,COMPLETE,0.5,0.995,0.995,0.0005486679631995666,0.0071722587701314455,0.9,0.05,False,,0.3
49,0.797845048742945,2025-05-19 03:35:46.964363,2025-05-19 03:36:13.383583,0 days 00:00:26.419220,True,COMPLETE,0.5,0.995,0.995,0.0007609138985100303,0.005247797317314488,0.9,0.05,False,,0.3
27,0.7977880394504305,2025-05-19 03:20:50.101291,2025-05-19 03:21:35.130665,0 days 00:00:45.029374,True,COMPLETE,0.6,0.8,0.8,0.0013216356010056186,0.00015824657881330904,0.8,0.15,True,60.0,0.1
44,0.7975600022803717,2025-05-19 03:32:25.256992,2025-05-19 03:33:11.209503,0 days 00:00:45.952511,True,COMPLETE,0.5,0.995,0.995,0.00046935170338269303,0.00038356086250445704,0.8,0.0,False,,0.3
3,0.7966478536001368,2025-05-19 03:06:18.308446,2025-05-19 03:07:01.847326,0 days 00:00:43.538880,True,COMPLETE,0.6,0.99,0.99,0.0016655137294589578,1.646853425885496e-05,0.7000000000000001,0.15,True,150.0,0.15000000000000002
47,0.7964768257225927,2025-05-19 03:34:41.376134,2025-05-19 03:35:03.546311,0 days 00:00:22.170177,True,COMPLETE,0.5,0.995,0.995,0.0007113222856530123,0.009818817281552629,0.9,0.05,False,,0.3
78,0.7961347699675048,2025-05-19 03:55:06.127029,2025-05-19 03:55:46.154475,0 days 00:00:40.027446,False,COMPLETE,0.5,0.8,0.8,0.006399426252097623,1.6856767526181824e-05,0.4,0.0,False,,0.2
95,0.79607776067499,2025-05-19 04:05:06.253342,2025-05-19 04:05:43.762289,0 days 00:00:37.508947,False,COMPLETE,0.7,0.99,0.99,0.00782876850599516,2.901147107825464e-05,0.9,0.0,True,60.0,0.05
21,0.7946525283621231,2025-05-19 03:17:06.123123,2025-05-19 03:17:47.492504,0 days 00:00:41.369381,True,COMPLETE,0.6,0.99,0.99,0.0015014164254879862,3.2952897520220666e-05,0.7000000000000001,0.15,True,120.0,0.15000000000000002
36,0.7945955190696083,2025-05-19 03:26:28.058804,2025-05-19 03:27:07.235244,0 days 00:00:39.176440,False,COMPLETE,0.5,0.995,0.995,0.0010516264196332805,0.000644417293350752,0.4,0.05,False,,0.25
53,0.7937973889744029,2025-05-19 03:38:17.495540,2025-05-19 03:39:05.580110,0 days 00:00:48.084570,True,COMPLETE,0.5,0.995,0.995,0.00045490016262000736,0.0005058233530615701,0.5,0.05,False,,0.05
61,0.7932272960492561,2025-05-19 03:43:28.153200,2025-05-19 03:44:11.488461,0 days 00:00:43.335261,True,COMPLETE,0.5,0.995,0.995,0.00010872089764929583,0.002011794698641637,0.8,0.05,False,,0.25
23,0.7919160823214183,2025-05-19 03:18:24.484856,2025-05-19 03:18:53.012488,0 days 00:00:28.527632,True,COMPLETE,0.7,0.99,0.99,0.003530444437681218,0.00039275661664916,0.8,0.1,True,120.0,0.2
13,0.7918590730289038,2025-05-19 03:12:01.434453,2025-05-19 03:12:42.228449,0 days 00:00:40.793996,True,COMPLETE,0.5,0.9,0.9,0.00022506403182943503,0.00013579603986958776,0.9,0.15,True,90.0,0.2
24,0.7916880451513597,2025-05-19 03:18:53.055189,2025-05-19 03:19:36.519260,0 days 00:00:43.464071,True,COMPLETE,0.5,0.99,0.99,0.0003718473888622084,1.0136321097015748e-05,0.6,0.15,True,120.0,0.25
19,0.7906618778860954,2025-05-19 03:15:38.222859,2025-05-19 03:16:23.271506,0 days 00:00:45.048647,True,COMPLETE,0.6,0.8,0.8,0.009265133319263904,6.482732719102504e-05,0.5,0.0,True,60.0,0.2
33,0.7904338407160368,2025-05-19 03:24:37.029052,2025-05-19 03:25:02.419847,0 days 00:00:25.390795,True,COMPLETE,0.5,0.9,0.9,0.000607294415292323,0.015272606928012885,0.8,0.15,False,,0.2
42,0.7901487942534633,2025-05-19 03:30:51.375203,2025-05-19 03:31:37.884097,0 days 00:00:46.508894,True,COMPLETE,0.5,0.995,0.995,0.0001573466964435612,0.0014867961469906088,0.6,0.05,False,,0.3
16,0.7896357106208312,2025-05-19 03:13:50.506416,2025-05-19 03:14:34.378788,0 days 00:00:43.872372,True,COMPLETE,0.6,0.9,0.9,0.00035551463485775266,7.760348568854262e-05,0.8,0.15,True,30.0,0.1
5,0.7882104783079642,2025-05-19 03:07:41.053916,2025-05-19 03:08:25.899794,0 days 00:00:44.845878,True,COMPLETE,0.5,0.8,0.8,0.0005626637580956767,1.5344257092713577e-05,0.4,0.1,False,,0.05
10,0.7854740322672596,2025-05-19 03:10:23.644729,2025-05-19 03:10:40.453865,0 days 00:00:16.809136,False,COMPLETE,0.5,0.9,0.9,0.007126951749571376,0.007524948492543545,0.9,0.0,False,,0.2
1,0.7819964654238641,2025-05-19 03:04:44.855893,2025-05-19 03:05:30.759665,0 days 00:00:45.903772,False,COMPLETE,0.5,0.99,0.99,8.731030225738561e-05,0.0008571696497761637,0.8,0.05,True,150.0,0.0
18,0.7794880565532182,2025-05-19 03:15:20.319316,2025-05-19 03:15:38.183735,0 days 00:00:17.864419,False,COMPLETE,0.5,0.9,0.9,0.001916442596308457,0.011574297525818308,0.9,0.05,False,,0.1
2,0.7765805826349695,2025-05-19 03:05:30.805611,2025-05-19 03:06:18.267167,0 days 00:00:47.461556,True,COMPLETE,0.6,0.995,0.995,0.0007873489431752427,2.0352751063340902e-05,0.4,0.05,True,30.0,0.1
58,0.7745282481044411,2025-05-19 03:41:57.655517,2025-05-19 03:42:40.581287,0 days 00:00:42.925770,True,COMPLETE,0.5,0.995,0.995,0.00017490113582943376,0.00011871795500856845,0.7000000000000001,0.0,False,,0.25
65,0.7678581608802234,2025-05-19 03:46:00.603242,2025-05-19 03:46:43.706306,0 days 00:00:43.103064,True,COMPLETE,0.5,0.8,0.8,5.27212594762904e-05,0.0007923400318925046,0.6,0.05,False,,0.3
17,0.7662619006898123,2025-05-19 03:14:34.472122,2025-05-19 03:15:20.280474,0 days 00:00:45.808352,True,COMPLETE,0.5,0.9,0.9,5.0376860216835785e-05,0.0013162658494291937,0.6,0.1,False,,0.25
20,0.7587366740778747,2025-05-19 03:16:23.311403,2025-05-19 03:17:06.080260,0 days 00:00:42.768857,True,COMPLETE,0.6,0.9,0.9,0.0001510622837095178,0.002288054152514202,0.30000000000000004,0.15,False,,0.25
4,0.7576534975200957,2025-05-19 03:07:01.889622,2025-05-19 03:07:41.015350,0 days 00:00:39.125728,True,COMPLETE,0.7,0.995,0.995,0.001019702129447027,0.0005877736014459083,0.2,0.05,False,,0.0
59,0.757254432472493,2025-05-19 03:42:40.620377,2025-05-19 03:43:14.872106,0 days 00:00:34.251729,False,COMPLETE,0.5,0.995,0.995,0.000320666787062198,0.00023222568208546015,0.1,0.05,False,,0.3
30,0.7442563137791459,2025-05-19 03:22:54.518513,2025-05-19 03:23:41.539786,0 days 00:00:47.021273,True,COMPLETE,0.7,0.99,0.99,0.00011607980263998933,0.0012268682412120177,0.9,0.1,True,120.0,0.2
11,0.7416908956159854,2025-05-19 03:10:40.483063,2025-05-19 03:11:23.451477,0 days 00:00:42.968414,True,COMPLETE,0.6,0.9,0.9,5.6465466384000615e-05,0.00018351145951041686,0.6,0.15,True,150.0,0.15000000000000002
14,0.7408357562282651,2025-05-19 03:12:42.266749,2025-05-19 03:13:06.866423,0 days 00:00:24.599674,True,COMPLETE,0.5,0.9,0.9,0.004494096214587509,0.003217360619249718,0.1,0.1,False,,0.25
6,0.7288067955076677,2025-05-19 03:08:25.940630,2025-05-19 03:08:40.327424,0 days 00:00:14.386794,False,COMPLETE,0.7,0.995,0.995,0.0027293840266133977,0.026329250907599012,0.7000000000000001,0.05,False,,0.25
32,0.7142694259164245,2025-05-19 03:24:23.410423,2025-05-19 03:24:36.990101,0 days 00:00:13.579678,True,COMPLETE,0.5,0.9,0.9,0.0028391787084768097,0.03916658849543877,0.8,0.05,False,,0.15000000000000002
15,0.6907815974003763,2025-05-19 03:13:06.904425,2025-05-19 03:13:50.465578,0 days 00:00:43.561153,True,COMPLETE,0.6,0.9,0.9,2.3239091412994106e-05,0.0002598988914164266,0.9,0.0,True,90.0,0.2
60,0.6704862892651503,2025-05-19 03:43:14.912164,2025-05-19 03:43:28.111289,0 days 00:00:13.199125,True,COMPLETE,0.5,0.995,0.995,0.0013045340720792037,0.1591209747243308,0.8,0.05,False,,0.3
68,0.660395644490052,2025-05-19 03:48:12.476110,2025-05-19 03:48:55.750102,0 days 00:00:43.273992,True,COMPLETE,0.5,0.995,0.995,1.0931354246684467e-05,0.0010783882389072403,0.9,0.1,False,,0.3
9,0.6342283792258138,2025-05-19 03:09:57.566997,2025-05-19 03:10:23.603846,0 days 00:00:26.036849,True,COMPLETE,0.7,0.99,0.99,0.0007183460899474915,0.26991336200360067,0.7000000000000001,0.1,True,90.0,0.3
0,0.5984835528191095,2025-05-19 03:04:13.827889,2025-05-19 03:04:44.825470,0 days 00:00:30.997581,True,COMPLETE,0.7,0.8,0.8,0.00015647393209803427,0.6362353515857279,0.5,0.1,False,,0.3
29,0.5918704748874067,2025-05-19 03:22:11.116103,2025-05-19 03:22:54.486195,0 days 00:00:43.370092,True,COMPLETE,0.6,0.8,0.8,0.00022346511984753283,0.9115019229044268,0.6,0.15,False,,0.3
7,0.376489367766946,2025-05-19 03:08:40.382138,2025-05-19 03:09:13.570542,0 days 00:00:33.188404,False,COMPLETE,0.6,0.995,0.995,1.3555286616496922e-05,0.08700471967601321,0.8,0.0,False,,0.15000000000000002
