number,values_0,values_1,datetime_start,datetime_complete,duration,params_imp_type,params_isomorphic,params_kd_dropout,params_kd_lamb,params_kd_lr,params_kd_momentum,params_kd_norm,params_kd_residual,params_kd_scheduler,params_kd_smoothing,params_kd_warnup,params_kd_weight_decay,params_lr,params_mpp_lr,params_mpp_scheduler,params_mpp_warnup,params_mpp_weight_decay,params_prune_mlp,params_prune_rate,params_prune_step,params_prune_type,params_scheduler,params_warnup,params_weight_decay,system_attrs_NSGAIISampler:generation,state
13,0.801493643,0.801892709,18:59.3,21:26.1,0 days 00:02:26.800624,group,TRUE,,0.1,0.008200124,0.99,,,TRUE,0.1,0.3,0.000649148,0.000283155,0.000348188,FALSE,,0.080566893,TRUE,0.7,3,bnscale,FALSE,,3.42E-05,0,COMPLETE
97,0.80098056,0.803888034,29:01.4,31:23.1,0 days 00:02:21.659038,group,TRUE,0.2,0.2,0.00070238,0.8,batch,FALSE,FALSE,0.2,,0.000266139,0.002130404,0.000610471,FALSE,,0.798133375,FALSE,0.7,1,base,TRUE,0,0.000110968,1,COMPLETE
56,0.800809532,0.80502822,55:32.6,57:43.0,0 days 00:02:10.398841,lamp,FALSE,0.4,0.4,0.005395929,0.995,layer,FALSE,FALSE,0.2,,1.57E-05,0.000923923,0.000279533,FALSE,,0.016766617,FALSE,0.7,3,group,FALSE,,8.51E-05,1,COMPLETE
27,0.796761872,0.803774015,50:40.4,52:57.0,0 days 00:02:16.529045,lamp,TRUE,,0.7,0.001544728,0.99,,,FALSE,0.3,,0.00014435,0.000926669,0.000250463,TRUE,0.45,0.006597811,TRUE,0.7,1,bnscale,TRUE,0.05,2.35E-05,0,COMPLETE
69,0.79613477,0.800866541,23:39.2,25:42.2,0 days 00:02:02.997107,lamp,FALSE,0.45,0.7,0.000939934,0.9,batch,TRUE,TRUE,0.25,0.2,0.00014435,0.000926669,9.22E-05,TRUE,0.5,0.00161417,FALSE,0.8,1,bnscale,TRUE,0.05,2.35E-05,1,COMPLETE
92,0.79374038,0.782053475,16:44.9,18:52.4,0 days 00:02:07.525443,group,TRUE,0.55,0.4,0.00070238,0.8,layer,TRUE,TRUE,0.2,0.1,0.000295548,0.002130404,1.87E-05,FALSE,,0.000907148,FALSE,0.9,1,base,FALSE,,0.000110968,1,COMPLETE
28,0.78484693,0.784903939,52:57.0,55:23.5,0 days 00:02:26.545829,lamp,FALSE,,0.4,0.000439541,0.995,,,FALSE,0.2,,1.57E-05,0.004048303,0.0056913,FALSE,,0.016766617,TRUE,0.7,3,group,FALSE,,8.51E-05,0,COMPLETE
95,0.783364688,0.80257682,23:32.1,26:27.3,0 days 00:02:55.185108,lamp,FALSE,,0.7,0.000173774,0.9,,,FALSE,0.25,,0.000199058,0.000510467,0.002368529,TRUE,0.1,0.179951768,TRUE,0.7,3,group,TRUE,0.5,0.000285514,1,COMPLETE
60,0.782281512,0.779773103,04:06.8,06:15.6,0 days 00:02:08.791156,group,TRUE,0.75,0.2,0.005395929,0.99,layer,TRUE,TRUE,0.05,0,0.000266139,0.000923923,0.000610471,FALSE,,0.798133375,FALSE,0.9,2,base,FALSE,,0.000126939,1,COMPLETE
53,0.782110484,0.788666553,49:07.7,51:11.5,0 days 00:02:03.823619,group,TRUE,0.55,0.9,0.00070238,0.8,layer,TRUE,TRUE,0.2,0.2,0.000295548,0.002130404,0.003411773,FALSE,,3.51E-05,FALSE,0.9,1,bnscale,TRUE,0.4,0.000110968,1,COMPLETE
64,0.780115159,0.805313266,12:44.6,15:01.3,0 days 00:02:16.669674,group,FALSE,,0.9,0.00070238,0.8,,,TRUE,0.2,0,0.000295548,0.003951528,0.001713011,TRUE,0.5,3.51E-05,TRUE,0.7,1,base,TRUE,0.05,0.001539405,1,COMPLETE
36,0.777378713,0.790547859,10:55.6,12:56.8,0 days 00:02:01.151625,group,TRUE,0.15,0.9,0.00070238,0.8,batch,FALSE,TRUE,0.2,0.5,0.000295548,0.002130404,0.003411773,FALSE,,3.51E-05,FALSE,0.9,1,base,TRUE,0.45,0.000110968,0,COMPLETE
23,0.776637592,0.801265606,41:59.3,44:26.4,0 days 00:02:27.078356,lamp,TRUE,,0.7,0.004595696,0.99,,,TRUE,0.1,0.1,1.67E-05,0.000748105,0.002263277,TRUE,0.5,8.62E-05,TRUE,0.8,3,bnscale,FALSE,,0.004667227,0,COMPLETE
78,0.776238527,0.786842255,43:00.1,45:08.6,0 days 00:02:08.514462,fpgm,FALSE,0.5,0.2,0.000853607,0.99,,FALSE,FALSE,0.2,,5.22E-05,0.001342791,0.004207589,TRUE,0.35,0.000408048,FALSE,0.9,3,group,FALSE,,1.45E-05,1,COMPLETE
1,0.775839462,0.790262813,52:40.5,54:59.8,0 days 00:02:19.295104,fpgm,TRUE,,0.3,0.002659923,0.9,,,TRUE,0.3,0.3,0.009247983,6.32E-05,2.06E-05,FALSE,,0.003667805,TRUE,0.7,2,base,FALSE,,0.00321179,0,COMPLETE
35,0.775839462,0.777036657,08:44.0,10:55.6,0 days 00:02:11.593495,fpgm,FALSE,0.35,0.2,7.42E-05,0.99,layer,TRUE,TRUE,0.2,0.1,0.000813932,0.001342791,0.004207589,TRUE,0.3,0.000408048,FALSE,0.9,3,base,FALSE,,1.45E-05,0,COMPLETE
68,0.77521236,0.800923551,21:21.5,23:39.2,0 days 00:02:17.691721,group,FALSE,,0.1,8.31E-05,0.995,,,FALSE,0.1,,9.96E-05,0.003951528,3.34E-05,TRUE,0.5,2.29E-05,TRUE,0.7,1,group,FALSE,,0.001913352,1,COMPLETE
43,0.771734793,0.802405792,26:25.8,28:43.8,0 days 00:02:18.058336,group,FALSE,,0.1,8.31E-05,0.8,,,TRUE,0.1,0.15,9.96E-05,0.003951528,0.001713011,TRUE,0.2,2.29E-05,TRUE,0.7,1,base,TRUE,0.1,0.001913352,0,COMPLETE
91,0.769055356,0.806282424,14:23.7,16:44.9,0 days 00:02:21.149657,fpgm,TRUE,,0.5,0.00031255,0.99,,,TRUE,0.05,0.2,1.32E-05,0.001510974,1.53E-05,TRUE,0.2,4.69E-05,TRUE,0.8,1,base,TRUE,0.2,7.92E-05,1,COMPLETE
90,0.764380594,0.779773103,11:38.4,14:23.7,0 days 00:02:45.287252,group,TRUE,,0.4,0.008200124,0.99,,,TRUE,0.2,0.5,0.000649148,4.76E-05,0.000348188,FALSE,,0.080566893,TRUE,0.7,2,bnscale,FALSE,,3.42E-05,1,COMPLETE
62,0.759306767,0.800752523,08:31.7,10:30.8,0 days 00:01:59.072021,group,TRUE,0.55,0.7,0.0022003,0.9,layer,FALSE,TRUE,0,0.2,0.007923171,0.000307213,1.34E-05,FALSE,,0.724720417,FALSE,0.7,2,bnscale,TRUE,0.3,1.18E-05,1,COMPLETE
24,0.757710507,0.798016077,44:26.4,46:24.7,0 days 00:01:58.336325,group,TRUE,0.7,0.5,0.00031255,0.8,,TRUE,FALSE,0.05,,1.32E-05,0.000563897,2.12E-05,TRUE,0.5,0.001319113,FALSE,0.8,1,base,TRUE,0.5,7.92E-05,0,COMPLETE
94,0.756285274,0.787868423,21:00.7,23:32.1,0 days 00:02:31.391983,group,TRUE,,0.5,0.009943981,0.9,,,TRUE,0,0.45,0.000703738,0.000544231,2.65E-05,TRUE,0.3,0.724720417,TRUE,0.9,2,group,FALSE,,6.62E-05,1,COMPLETE
74,0.74858902,0.794310473,34:15.5,36:27.6,0 days 00:02:12.075373,group,TRUE,0.55,0.2,2.93E-05,0.995,batch,FALSE,TRUE,0.1,0.05,6.44E-05,0.006311349,3.82E-05,FALSE,,0.001378026,FALSE,0.9,3,base,TRUE,0.15,2.39E-05,1,COMPLETE
57,0.746536685,0.761359102,57:43.0,59:41.1,0 days 00:01:58.133848,group,TRUE,0.25,0.5,0.00031255,0.99,batch,FALSE,TRUE,0,0.4,0.021389408,0.000563897,2.12E-05,FALSE,,0.00839281,FALSE,0.9,1,base,TRUE,0.45,6.76E-05,1,COMPLETE
86,0.742717063,0.800695513,01:05.7,03:49.0,0 days 00:02:43.327532,lamp,TRUE,,0.2,7.42E-05,0.99,,,TRUE,0.2,0.2,1.67E-05,0.001342791,0.002263277,TRUE,0.35,0.000408048,TRUE,0.8,3,bnscale,FALSE,,1.45E-05,1,COMPLETE
21,0.741291831,0.743230147,37:46.5,39:46.1,0 days 00:01:59.686449,lamp,FALSE,0.8,0.7,0.000853607,0.8,batch,TRUE,FALSE,0.25,,5.22E-05,8.31E-05,0.00329288,TRUE,0.45,0.001940051,FALSE,0.7,1,group,FALSE,,0.052104384,0,COMPLETE
83,0.739809589,0.798415142,54:21.9,56:45.6,0 days 00:02:23.756418,fpgm,TRUE,,0.7,0.0022003,0.99,,,TRUE,0.15,0,0.000880287,0.000923923,0.000279533,TRUE,0.25,0.035228234,TRUE,0.7,2,bnscale,FALSE,,0.01052041,1,COMPLETE
80,0.737985292,0.511088307,47:35.1,49:46.0,0 days 00:02:10.862119,group,TRUE,0.2,0.9,0.008200124,0.99,layer,TRUE,TRUE,0.1,0.15,0.000424674,1.99E-05,0.006058571,TRUE,0.15,0.080566893,FALSE,0.9,2,bnscale,FALSE,,3.42E-05,1,COMPLETE
32,0.736959124,0.713813352,01:52.6,04:14.2,0 days 00:02:21.578390,fpgm,TRUE,,0.3,0.007851369,0.99,,,TRUE,0.05,0.45,0.0043261,3.82E-05,0.001875637,FALSE,,2.14E-05,TRUE,0.7,1,bnscale,TRUE,0,0.000234906,0,COMPLETE
67,0.734222678,0.742260989,19:22.3,21:21.4,0 days 00:01:59.105308,fpgm,FALSE,0.5,0.2,0.000232452,0.99,batch,FALSE,TRUE,0.05,0.3,0.090768676,5.78E-05,1.82E-05,FALSE,,0.21499638,FALSE,0.7,1,group,TRUE,0.45,0.000126939,1,COMPLETE
71,0.733367539,0.796590844,27:50.3,29:54.8,0 days 00:02:04.496830,group,FALSE,0.4,0.5,0.005480292,0.8,layer,FALSE,FALSE,0.05,,0.022818165,0.001312691,2.12E-05,TRUE,0.15,0.001319113,FALSE,0.7,2,group,FALSE,,0.017825512,1,COMPLETE
39,0.729205861,0.482241605,17:50.7,20:03.9,0 days 00:02:13.283042,group,FALSE,0.55,0.8,0.000338503,0.99,layer,TRUE,FALSE,0.05,,0.003109422,1.18E-05,0.000173143,FALSE,,2.43E-05,FALSE,0.8,3,base,TRUE,0,0.041652569,0,COMPLETE
54,0.729148851,0.730346046,51:11.5,53:16.4,0 days 00:02:04.858190,group,FALSE,0.2,0.2,0.000532426,0.8,batch,FALSE,TRUE,0.3,0.2,0.090768676,5.78E-05,1.82E-05,FALSE,,0.21499638,FALSE,0.8,2,group,FALSE,,0.011636002,1,COMPLETE
42,0.724588108,0.726982498,24:24.7,26:25.7,0 days 00:02:00.979630,group,FALSE,0.25,0.2,0.000532426,0.8,layer,FALSE,TRUE,0.3,0.5,0.090768676,5.78E-05,1.82E-05,FALSE,,0.21499638,FALSE,0.8,1,group,FALSE,,0.011636002,0,COMPLETE
12,0.723333903,0.428538852,16:52.0,18:59.3,0 days 00:02:07.244635,fpgm,FALSE,0.2,0.9,0.000190499,0.9,batch,TRUE,FALSE,0.1,,0.000424674,1.59E-05,0.007886598,TRUE,0.4,0.002912139,FALSE,0.9,2,bnscale,FALSE,,0.000493402,0,COMPLETE
77,0.721794653,0.72122456,40:53.7,43:00.1,0 days 00:02:06.340016,group,FALSE,0.8,0.8,4.42E-05,0.99,layer,FALSE,TRUE,0.3,0.25,0.014111624,0.002084381,0.004551322,TRUE,0.05,0.000197078,FALSE,0.8,2,bnscale,TRUE,0.1,0.059268283,1,COMPLETE
3,0.721737643,0.560287327,57:00.4,59:06.7,0 days 00:02:06.297108,fpgm,TRUE,0.25,0.9,0.000116528,0.9,batch,TRUE,TRUE,0.25,0.25,2.24E-05,3.16E-05,0.001913488,TRUE,0.45,0.00019441,FALSE,0.7,2,group,FALSE,,0.30970819,0,COMPLETE
59,0.721737643,0.585713471,02:02.7,04:06.8,0 days 00:02:04.094626,group,FALSE,0.55,0.7,0.000853607,0.8,layer,TRUE,TRUE,0.05,0.15,0.014111624,8.31E-05,0.004551322,FALSE,,0.555407811,FALSE,0.9,1,base,FALSE,,0.059268283,1,COMPLETE
29,0.721281569,0.743002109,55:23.6,57:28.3,0 days 00:02:04.767453,group,TRUE,0.6,0.2,0.005395929,0.99,batch,FALSE,TRUE,0.15,0.05,0.001027093,0.000923923,0.000279533,FALSE,,0.000109904,FALSE,0.9,2,bnscale,FALSE,,0.01052041,0,COMPLETE
7,0.720654467,0.592497577,05:59.0,07:57.0,0 days 00:01:58.067568,fpgm,FALSE,0.6,0.7,0.000939934,0.9,layer,FALSE,TRUE,0.25,0.5,0.065920324,4.21E-05,9.22E-05,TRUE,0.1,0.00161417,FALSE,0.8,1,group,TRUE,0.5,0.064041477,0,COMPLETE
8,0.719172225,0.796590844,07:57.1,10:14.4,0 days 00:02:17.294860,fpgm,TRUE,,0.7,0.0022003,0.995,,,TRUE,0,0.25,0.000880287,0.001095129,1.34E-05,FALSE,,0.035228234,TRUE,0.7,2,bnscale,FALSE,,0.014677271,0,COMPLETE
93,0.718203067,0.343709025,18:52.5,21:00.7,0 days 00:02:08.225578,group,FALSE,0.25,0.7,2.68E-05,0.99,layer,TRUE,FALSE,0.1,,0.001891893,1.07E-05,2.19E-05,TRUE,0.4,0.148276975,FALSE,0.9,2,base,TRUE,0.25,0.002319453,1,COMPLETE
22,0.718146058,0.75257967,39:46.2,41:59.3,0 days 00:02:13.110467,fpgm,FALSE,0.5,0.6,1.54E-05,0.8,batch,TRUE,FALSE,0.25,,0.013509187,0.000567449,0.008272118,FALSE,,3.84E-05,FALSE,0.9,3,bnscale,FALSE,,0.02146164,0,COMPLETE
72,0.717861011,0.600136822,29:54.8,32:00.6,0 days 00:02:05.739817,group,FALSE,0.55,0.6,2.68E-05,0.8,layer,FALSE,FALSE,0.1,,0.001891893,1.07E-05,2.19E-05,TRUE,0.2,0.011153276,FALSE,0.7,2,bnscale,FALSE,,0.000311204,1,COMPLETE
65,0.715295593,0.748360983,15:01.3,17:02.6,0 days 00:02:01.291273,fpgm,TRUE,0.15,0.7,0.000116528,0.99,,FALSE,TRUE,0.1,0.15,1.67E-05,3.16E-05,0.002263277,TRUE,0.25,8.62E-05,FALSE,0.7,2,bnscale,FALSE,,0.004667227,1,COMPLETE
88,0.715295593,0.700986261,06:13.9,08:40.0,0 days 00:02:26.134748,group,TRUE,0.75,0.6,2.93E-05,0.995,batch,FALSE,FALSE,0.1,,0.012498639,0.006311349,3.82E-05,FALSE,,0.008396655,FALSE,0.9,3,base,FALSE,,0.016821015,1,COMPLETE
66,0.714668491,0.742089961,17:02.6,19:22.3,0 days 00:02:19.702240,lamp,TRUE,,0.7,0.000853607,0.99,,,TRUE,0.25,0.05,1.67E-05,0.000748105,0.002263277,TRUE,0.1,8.62E-05,TRUE,0.8,1,bnscale,FALSE,,0.052104384,1,COMPLETE
31,0.713300268,0.516960265,59:47.6,01:52.6,0 days 00:02:04.975935,lamp,FALSE,0.6,0.7,4.42E-05,0.99,layer,FALSE,TRUE,0.05,0,0.014111624,0.002084381,0.004551322,FALSE,,0.555407811,FALSE,0.9,2,base,TRUE,0.45,0.059268283,0,COMPLETE
73,0.712388119,0.705147939,32:00.6,34:15.5,0 days 00:02:14.897577,group,TRUE,,0.9,0.00070238,0.8,,,FALSE,0.2,,0.000295548,2.33E-05,0.003411773,FALSE,,3.51E-05,TRUE,0.7,1,base,FALSE,,0.000126939,1,COMPLETE
82,0.711818026,0.582863007,52:17.3,54:21.9,0 days 00:02:04.575956,fpgm,FALSE,0.65,0.7,7.42E-05,0.9,batch,FALSE,TRUE,0.2,0.35,0.000813932,4.21E-05,0.004207589,TRUE,0.25,0.16389019,FALSE,0.8,2,group,FALSE,,0.064041477,1,COMPLETE
46,0.711475971,0.744997435,33:00.0,35:15.5,0 days 00:02:15.541662,group,FALSE,,0.8,5.27E-05,0.9,,,TRUE,0.05,0.1,0.00646135,3.27E-05,2.29E-05,FALSE,,0.002582251,TRUE,0.7,1,base,FALSE,,0.00013252,0,COMPLETE
16,0.711361952,0.79453851,26:08.4,28:28.6,0 days 00:02:20.233231,group,FALSE,,0.8,0.005480292,0.995,,,FALSE,0.15,,0.022818165,0.001312691,0.00434408,TRUE,0.3,2.93E-05,TRUE,0.7,2,group,FALSE,,0.017825512,0,COMPLETE
51,0.710563822,0.748189955,44:29.2,46:45.0,0 days 00:02:15.802230,group,FALSE,,0.8,5.27E-05,0.9,,,TRUE,0.05,0.4,0.00646135,3.27E-05,2.29E-05,FALSE,,0.016766617,TRUE,0.7,1,group,FALSE,,0.00013252,1,COMPLETE
11,0.710050738,0.099823271,14:47.2,16:52.0,0 days 00:02:04.771607,lamp,TRUE,0.65,0.6,0.007994322,0.995,layer,FALSE,FALSE,0.25,,0.000377098,3.99E-05,0.007870801,FALSE,,0.145078423,FALSE,0.9,3,base,FALSE,,0.016821015,0,COMPLETE
34,0.707884385,0.34490622,06:36.8,08:44.0,0 days 00:02:07.156794,group,FALSE,0.5,0.7,2.68E-05,0.8,batch,FALSE,FALSE,0.1,,0.001891893,1.07E-05,2.19E-05,TRUE,0.45,0.148276975,FALSE,0.9,2,base,TRUE,0.45,0.002319453,0,COMPLETE
5,0.705832051,0.701385326,01:19.3,03:44.5,0 days 00:02:25.247425,fpgm,TRUE,,0.2,0.000232452,0.99,,,FALSE,0.05,,0.000266139,2.33E-05,0.000610471,TRUE,0.4,0.798133375,TRUE,0.7,3,bnscale,FALSE,,0.000126939,0,COMPLETE
6,0.705775041,0.788723562,03:44.6,05:59.0,0 days 00:02:14.388265,group,FALSE,,0.8,0.003485874,0.9,,,FALSE,0.25,,0.01823818,0.006343708,0.000101304,FALSE,,0.488475605,TRUE,0.9,1,bnscale,FALSE,,0.000247387,0,COMPLETE
33,0.705318967,0.797788039,04:14.2,06:36.8,0 days 00:02:22.591130,fpgm,TRUE,,0.3,0.000328535,0.99,,,TRUE,0.2,0.25,0.214179617,0.000633747,4.92E-05,FALSE,,1.87E-05,TRUE,0.8,2,bnscale,TRUE,0.45,0.000210155,0,COMPLETE
9,0.703266632,0.580354598,10:14.4,12:23.4,0 days 00:02:09.020647,fpgm,TRUE,,0.7,0.006539402,0.99,,,FALSE,0,,0.000199058,1.41E-05,0.002368529,FALSE,,0.009992031,TRUE,0.8,1,group,TRUE,0.05,0.000285514,0,COMPLETE
81,0.702924577,0.718944188,49:46.0,52:17.3,0 days 00:02:31.274486,group,FALSE,,0.8,0.003485874,0.8,,,FALSE,0.25,,0.013509187,0.000567449,0.000101304,FALSE,,3.84E-05,TRUE,0.9,3,bnscale,FALSE,,0.02146164,1,COMPLETE
50,0.702525512,0.659483496,42:15.0,44:29.2,0 days 00:02:14.209908,fpgm,TRUE,0.4,0.2,0.000232452,0.99,layer,TRUE,FALSE,0.05,,0.000266139,2.33E-05,0.000610471,TRUE,0,0.798133375,FALSE,0.7,3,base,TRUE,0.45,0.000126939,1,COMPLETE
70,0.701784391,0.527849039,25:42.2,27:50.3,0 days 00:02:08.067279,lamp,TRUE,0.2,0.7,0.0022003,0.99,batch,TRUE,TRUE,0.2,0.1,0.000880287,0.002084381,0.004551322,FALSE,,0.035228234,FALSE,0.9,2,bnscale,FALSE,,0.059268283,1,COMPLETE
4,0.701157289,0.615757368,59:06.7,01:19.3,0 days 00:02:12.601034,lamp,TRUE,0.55,0.1,0.00032313,0.99,layer,TRUE,FALSE,0.1,,0.026114431,0.000229761,0.004583671,FALSE,,0.00559376,FALSE,0.8,3,base,TRUE,0.4,0.140419435,0,COMPLETE
89,0.697565703,0.770537598,08:40.1,11:38.4,0 days 00:02:58.352196,fpgm,FALSE,,0.1,0.000939934,0.9,,,FALSE,0.2,,0.065920324,4.21E-05,0.000364176,FALSE,,0.00161417,TRUE,0.7,3,base,FALSE,,0.000311204,1,COMPLETE
38,0.697109629,0.510575224,15:23.4,17:50.6,0 days 00:02:27.198037,lamp,TRUE,,0.4,0.005941931,0.995,,,FALSE,0.3,,0.003335504,3.01E-05,0.003134748,FALSE,,2.25E-05,TRUE,0.7,3,bnscale,TRUE,0.15,0.175974748,0,COMPLETE
52,0.694829257,0.752522661,46:45.1,49:07.6,0 days 00:02:22.587943,fpgm,FALSE,,0.8,3.21E-05,0.8,,,FALSE,0,,0.000110459,5.78E-05,2.65E-05,FALSE,,0.0036578,TRUE,0.8,3,group,FALSE,,6.62E-05,1,COMPLETE
55,0.692947951,0.715637649,53:16.4,55:32.6,0 days 00:02:16.179500,group,FALSE,,0.7,0.0022003,0.8,,,TRUE,0,0.1,0.016383218,0.001095129,0.008452376,FALSE,,0.011153276,TRUE,0.7,2,bnscale,FALSE,,0.014677271,1,COMPLETE
61,0.686733938,0.570263953,06:15.6,08:31.7,0 days 00:02:16.034367,fpgm,TRUE,,0.4,0.006539402,0.99,,,FALSE,0.2,,0.000199058,1.41E-05,0.002368529,FALSE,,0.009992031,TRUE,0.8,1,group,TRUE,0.25,0.000285514,1,COMPLETE
47,0.685821789,0.569408814,35:15.5,37:29.1,0 days 00:02:13.514093,lamp,TRUE,,0.4,0.004065628,0.99,,,TRUE,0,0.1,0.021389408,3.05E-05,1.87E-05,FALSE,,0.000907148,TRUE,0.9,1,base,TRUE,0.15,6.76E-05,0,COMPLETE
17,0.683883473,0.80337495,28:28.6,30:45.8,0 days 00:02:17.126913,fpgm,TRUE,,0.4,1.51E-05,0.99,,,TRUE,0.15,0.1,2.33E-05,0.001510974,1.53E-05,TRUE,0.15,4.69E-05,TRUE,0.7,1,bnscale,TRUE,0.5,6.04E-05,0,COMPLETE
98,0.678866655,0.700074112,31:23.1,33:35.0,0 days 00:02:11.879694,lamp,FALSE,0.4,0.7,7.42E-05,0.8,,FALSE,TRUE,0.25,0.2,0.000813932,0.001342791,0.00329288,TRUE,0.3,0.000408048,FALSE,0.9,3,base,FALSE,,0.052104384,1,COMPLETE
49,0.678011516,0.797502993,39:59.3,42:15.0,0 days 00:02:15.713180,lamp,FALSE,,0.2,2.54E-05,0.8,,,FALSE,0,,0.022141024,0.001184272,5.24E-05,TRUE,0.35,0.804871415,TRUE,0.8,1,base,FALSE,,0.003739307,0,COMPLETE
48,0.676757311,0.252494157,37:29.1,39:59.2,0 days 00:02:30.157921,lamp,FALSE,,0.6,0.000173774,0.9,,,TRUE,0.25,0.5,0.000475307,1.43E-05,0.002198032,TRUE,0.5,0.179951768,TRUE,0.8,3,base,FALSE,,0.384465654,0,COMPLETE
10,0.672196568,0.563536857,12:23.4,14:47.2,0 days 00:02:23.776050,lamp,TRUE,,0.8,0.000108303,0.9,,,FALSE,0.3,,0.112756613,1.00E-05,1.29E-05,TRUE,0.1,3.12E-05,TRUE,0.7,3,base,TRUE,0.45,7.90E-05,0,COMPLETE
85,0.672139559,0.434980902,58:46.0,01:05.7,0 days 00:02:19.689206,fpgm,FALSE,,0.9,0.003961504,0.8,,,FALSE,0.05,,0.000424674,0.002175523,0.007886598,FALSE,,0.002912139,TRUE,0.9,2,group,FALSE,,0.773216531,1,COMPLETE
18,0.670714326,0.599566729,30:45.8,33:06.2,0 days 00:02:20.400722,fpgm,FALSE,,0.7,3.81E-05,0.99,,,TRUE,0.1,0.2,6.51E-05,9.71E-05,8.34E-05,TRUE,0.25,0.000537564,TRUE,0.8,2,bnscale,FALSE,,0.491241137,0,COMPLETE
2,0.661421812,0.748532011,54:59.9,57:00.3,0 days 00:02:00.478226,group,TRUE,0.55,0.5,0.009943981,0.9,,FALSE,TRUE,0.1,0.1,0.007923171,0.000307213,0.000521373,FALSE,,0.724720417,FALSE,0.9,2,bnscale,TRUE,0.5,1.18E-05,0,COMPLETE
40,0.657374152,0.78969272,20:04.0,22:25.3,0 days 00:02:21.342433,fpgm,TRUE,,0.8,3.21E-05,0.9,,,FALSE,0,,0.000703738,0.005640394,2.65E-05,TRUE,0.45,0.0036578,TRUE,0.9,2,group,FALSE,,6.62E-05,0,COMPLETE
75,0.657032096,0.595405051,36:27.6,38:41.8,0 days 00:02:14.196551,lamp,TRUE,0.8,0.2,0.000968391,0.99,layer,TRUE,FALSE,0.15,,0.303107372,0.004024818,0.000610471,FALSE,,0.036589652,FALSE,0.7,3,bnscale,FALSE,,0.236055583,1,COMPLETE
63,0.650019953,0.770423579,10:30.8,12:44.6,0 days 00:02:13.807281,lamp,FALSE,,0.2,2.54E-05,0.8,,,FALSE,0,,0.022141024,0.001184272,5.24E-05,TRUE,0,0.001940051,TRUE,0.8,1,base,FALSE,,0.021335781,1,COMPLETE
76,0.64141155,0.701442335,38:41.8,40:53.7,0 days 00:02:11.884780,fpgm,FALSE,0.1,0.6,0.000190499,0.8,,TRUE,FALSE,0.1,,0.013509187,0.000567449,0.008272118,FALSE,,0.002912139,FALSE,0.9,3,bnscale,FALSE,,0.02146164,1,COMPLETE
0,0.63662277,0.780514224,50:16.7,52:40.5,0 days 00:02:23.770897,lamp,TRUE,,0.4,3.69E-05,0.995,,,TRUE,0.3,0.1,3.18E-05,0.000317654,0.000175792,FALSE,,0.067034493,TRUE,0.9,2,group,FALSE,,0.001565039,0,COMPLETE
20,0.627786329,0.591357391,35:33.1,37:46.4,0 days 00:02:13.294356,lamp,TRUE,,0.3,0.000968391,0.9,,,FALSE,0.15,,0.303107372,0.004024818,0.000138917,TRUE,0.45,0.036589652,TRUE,0.7,1,base,FALSE,,0.236055583,0,COMPLETE
87,0.624878855,0.603899436,03:49.0,06:13.9,0 days 00:02:24.843982,fpgm,FALSE,0.8,0.9,2.26E-05,0.8,,TRUE,TRUE,0.1,0.25,0.000424674,1.59E-05,0.007886598,FALSE,,0.002912139,FALSE,0.7,1,base,FALSE,,0.000110968,1,COMPLETE
79,0.619576991,0.504646257,45:08.6,47:35.1,0 days 00:02:26.475138,group,TRUE,,0.1,0.008200124,0.99,,,FALSE,0.05,,0.003109422,1.18E-05,0.000348188,FALSE,,0.080566893,TRUE,0.8,3,base,FALSE,,0.041652569,1,COMPLETE
99,0.618436805,0.537369591,33:35.0,35:45.7,0 days 00:02:10.741428,group,FALSE,0.35,0.2,0.000173774,0.995,layer,FALSE,TRUE,0.25,0.45,0.012498639,0.006311349,3.82E-05,TRUE,0.25,0.179951768,FALSE,0.9,3,group,TRUE,0.2,0.384465654,1,COMPLETE
84,0.61803774,0.801094578,56:45.7,58:45.9,0 days 00:02:00.274984,lamp,FALSE,0.65,0.7,1.05E-05,0.995,layer,FALSE,FALSE,0.1,,0.16833423,0.004422003,5.38E-05,TRUE,0.4,0.001759614,FALSE,0.8,1,group,TRUE,0.1,0.000227918,1,COMPLETE
41,0.617581666,0.802234764,22:25.3,24:24.7,0 days 00:01:59.400613,lamp,FALSE,0.15,0.7,1.05E-05,0.995,layer,FALSE,FALSE,0.1,,0.16833423,0.004422003,5.38E-05,TRUE,0.4,0.001759614,FALSE,0.8,1,group,TRUE,0.2,0.000227918,0,COMPLETE
19,0.59147141,0.773331053,33:06.2,35:33.1,0 days 00:02:26.915106,group,FALSE,,0.1,1.10E-05,0.8,,,FALSE,0.2,,0.016383218,5.04E-05,0.000364176,FALSE,,0.011153276,TRUE,0.7,3,base,FALSE,,0.000311204,0,COMPLETE
96,0.584801323,0.759705832,26:27.3,29:01.4,0 days 00:02:34.031349,lamp,FALSE,,0.1,4.42E-05,0.99,,,TRUE,0.05,0.05,0.014111624,0.000283155,0.000348188,FALSE,,0.080566893,TRUE,0.9,3,bnscale,TRUE,0.25,3.42E-05,1,COMPLETE
30,0.569237786,0.595405051,57:28.4,59:47.6,0 days 00:02:19.251022,lamp,FALSE,,0.8,0.003961504,0.8,,,FALSE,0.05,,0.419402916,0.002175523,5.18E-05,FALSE,,0.000127582,TRUE,0.7,2,group,FALSE,,0.773216531,0,COMPLETE
58,0.566102275,0.582235904,59:41.2,02:02.7,0 days 00:02:21.503669,lamp,FALSE,,0.3,0.003961504,0.8,,,FALSE,0.05,,0.303107372,0.002175523,5.18E-05,TRUE,0.2,0.036589652,TRUE,0.7,2,group,FALSE,,0.773216531,1,COMPLETE
37,0.53583034,0.229006328,12:56.8,15:23.4,0 days 00:02:26.611679,group,FALSE,,0.7,0.003465138,0.9,,,FALSE,0.3,,0.843136481,1.50E-05,0.003301311,TRUE,0.5,0.000197078,TRUE,0.8,3,bnscale,TRUE,0.5,0.857189686,0,COMPLETE
44,0.511145317,0.300952055,28:43.8,30:49.6,0 days 00:02:05.816393,lamp,TRUE,0.6,0.1,3.49E-05,0.9,layer,TRUE,TRUE,0.2,0.15,0.007991273,1.15E-05,0.006459477,FALSE,,0.000242764,FALSE,0.9,1,group,TRUE,0.1,0.07322744,0,COMPLETE
26,0.474260304,0.794253463,48:30.9,50:40.4,0 days 00:02:09.496574,group,TRUE,0.75,0.2,2.93E-05,0.995,,TRUE,TRUE,0.1,0.15,0.012498639,0.006311349,3.82E-05,TRUE,0.2,0.001378026,FALSE,0.9,3,base,TRUE,0.4,2.39E-05,0,COMPLETE
45,0.450772476,0.745225472,30:49.7,33:00.0,0 days 00:02:10.290077,fpgm,TRUE,0.3,0.2,1.09E-05,0.995,,FALSE,TRUE,0.25,0,0.000159272,0.000513865,2.63E-05,FALSE,,0.527048418,FALSE,0.9,3,base,TRUE,0.1,0.016969634,0,COMPLETE
25,0.362123026,0.233110997,46:24.8,48:30.9,0 days 00:02:06.141578,group,TRUE,0.65,0.1,0.00021797,0.99,,FALSE,FALSE,0.3,,0.000597926,1.06E-05,2.88E-05,TRUE,0.2,0.05447879,FALSE,0.9,3,group,FALSE,,0.087616302,0,COMPLETE
15,0.210193262,0.272048344,23:46.7,26:08.3,0 days 00:02:21.675075,lamp,FALSE,,0.2,0.000104708,0.9,,,FALSE,0.2,,0.456366646,8.71E-05,0.004487135,FALSE,,0.308654687,TRUE,0.9,2,base,TRUE,0.5,0.031633365,0,COMPLETE
14,0.119320449,0.177754974,21:26.1,23:46.7,0 days 00:02:20.532141,group,FALSE,,0.7,0.000160257,0.995,,,FALSE,0.3,,0.014411203,5.65E-05,0.003188151,FALSE,,0.362437194,TRUE,0.7,3,bnscale,FALSE,,0.036822263,0,COMPLETE
