number,value,datetime_start,datetime_complete,duration,params_reset,params_temperature,state,params_prune_rate,params_momentum,params_kd_lr,params_kd_weight_decay,params_lamb,params_alpha,params_kd_warmup,params_kd_scheduler,params_kd_T_0,params_label_smoothing
117,0.9661032351872046,2025-05-20 12:03:37.776785,2025-05-20 12:04:51.704590,0 days 00:01:13.927805,False,0.25,COMPLETE,0.5,0.99,1.5167559118119874e-05,0.0004993874914755255,1.25,0.05,0.15,True,30.0,0.3
101,0.9661032351872046,2025-05-20 11:42:58.231776,2025-05-20 11:44:04.203569,0 days 00:01:05.971793,False,0.75,COMPLETE,0.5,0.99,1.7577699876133547e-05,0.0001245585827008511,1.4500000000000002,0.05,0.15,True,60.0,0.25
103,0.9660123591421302,2025-05-20 11:44:58.780086,2025-05-20 11:46:06.863005,0 days 00:01:08.082919,False,0.25,COMPLETE,0.5,0.99,1.749240309696133e-05,0.0002530239969115126,1.4500000000000002,0.05,0.15,True,60.0,0.25
122,0.9660123591421302,2025-05-20 12:09:53.856287,2025-05-20 12:11:04.287864,0 days 00:01:10.431577,False,0.25,COMPLETE,0.5,0.99,1.74535111459416e-05,0.0007992343867882896,1.3,0.05,0.15,True,30.0,0.3
121,0.96601235914213,2025-05-20 12:08:40.232193,2025-05-20 12:09:53.817189,0 days 00:01:13.584996,False,0.25,COMPLETE,0.5,0.99,1.4423952838285546e-05,0.0003644364478185307,1.3,0.05,0.15,True,30.0,0.3
107,0.9659214830970556,2025-05-20 11:49:52.394453,2025-05-20 11:51:17.972506,0 days 00:01:25.578053,False,0.25,COMPLETE,0.5,0.99,1.0151920236462554e-05,0.00019402094947419118,1.35,0.05,0.15,True,60.0,0.3
110,0.9659214830970556,2025-05-20 11:53:45.743638,2025-05-20 11:55:09.539847,0 days 00:01:23.796209,False,0.25,COMPLETE,0.5,0.99,1.0189152121693282e-05,0.00038986599881643454,1.25,0.05,0.15,True,30.0,0.3
77,0.9659214830970556,2025-05-20 11:17:21.095244,2025-05-20 11:18:16.951422,0 days 00:00:55.856178,False,0.75,COMPLETE,0.5,0.8,4.176522676837371e-05,0.0002720006175113411,1.4500000000000002,0.05,0.15,True,60.0,0.2
106,0.9659214830970555,2025-05-20 11:48:38.491599,2025-05-20 11:49:52.354466,0 days 00:01:13.862867,False,0.25,COMPLETE,0.5,0.99,1.4218369823309646e-05,0.00016402449712203405,1.35,0.05,0.15,True,60.0,0.25
114,0.9658306070519811,2025-05-20 11:59:16.045296,2025-05-20 12:00:31.880307,0 days 00:01:15.835011,False,0.25,COMPLETE,0.5,0.99,1.2786026142567058e-05,0.0011874533330788405,1.25,0.05,0.15,True,30.0,0.3
119,0.9658306070519811,2025-05-20 12:06:05.085199,2025-05-20 12:07:22.580574,0 days 00:01:17.495375,False,0.25,COMPLETE,0.5,0.99,1.2342531876577144e-05,0.0005383356816168575,1.3,0.05,0.15,True,30.0,0.3
89,0.9657397310069066,2025-05-20 11:30:09.476248,2025-05-20 11:31:14.407819,0 days 00:01:04.931571,False,0.75,COMPLETE,0.5,0.99,2.2470396301838575e-05,0.0003567129093807986,1.55,0.1,0.15,True,60.0,0.25
108,0.9657397310069066,2025-05-20 11:51:18.013261,2025-05-20 11:52:31.926479,0 days 00:01:13.913218,False,0.25,COMPLETE,0.5,0.99,1.4192904102391377e-05,0.0002439283531894994,1.35,0.05,0.15,True,60.0,0.3
109,0.9656488549618322,2025-05-20 11:52:31.965304,2025-05-20 11:53:45.704363,0 days 00:01:13.739059,False,0.25,COMPLETE,0.5,0.99,1.437226880421992e-05,0.000254273268394749,1.25,0.05,0.15,True,60.0,0.3
79,0.9656488549618322,2025-05-20 11:19:16.180194,2025-05-20 11:20:20.084755,0 days 00:01:03.904561,False,0.25,COMPLETE,0.5,0.8,2.161265596848587e-05,0.00023331287822709763,1.4500000000000002,0.05,0.15,True,60.0,0.2
111,0.9656488549618322,2025-05-20 11:55:09.582057,2025-05-20 11:56:33.515962,0 days 00:01:23.933905,False,0.25,COMPLETE,0.5,0.99,1.0447698944238478e-05,0.00040821702793028964,1.25,0.05,0.15,True,30.0,0.3
120,0.9656488549618322,2025-05-20 12:07:22.622150,2025-05-20 12:08:40.190716,0 days 00:01:17.568566,False,0.25,COMPLETE,0.5,0.99,1.216563299324139e-05,0.0005286083670181847,1.35,0.05,0.15,True,30.0,0.3
87,0.9655579789167575,2025-05-20 11:27:47.891834,2025-05-20 11:28:51.664128,0 days 00:01:03.772294,False,0.5,COMPLETE,0.5,0.99,2.2788065535789116e-05,0.00018567062893915523,1.55,0.1,0.15,True,60.0,0.25
105,0.9655579789167575,2025-05-20 11:47:23.029786,2025-05-20 11:48:38.451393,0 days 00:01:15.421607,False,0.5,COMPLETE,0.5,0.99,1.4162371808749326e-05,0.0002592398176191082,1.35,0.05,0.15,True,60.0,0.25
115,0.9655579789167575,2025-05-20 12:00:31.921802,2025-05-20 12:01:48.094958,0 days 00:01:16.173156,False,0.25,COMPLETE,0.5,0.99,1.3299699514481722e-05,0.00123225303085182,1.25,0.05,0.15,True,30.0,0.3
76,0.965467102871683,2025-05-20 11:16:24.340436,2025-05-20 11:17:21.056471,0 days 00:00:56.716035,False,0.75,COMPLETE,0.5,0.8,3.830528555757849e-05,0.00021994580289849263,1.4500000000000002,0.05,0.15,True,60.0,0.2
85,0.965467102871683,2025-05-20 11:25:39.368200,2025-05-20 11:26:43.640349,0 days 00:01:04.272149,False,0.5,COMPLETE,0.5,0.8,2.16837750568013e-05,8.695119800114696e-05,1.5,0.1,0.15,True,60.0,0.25
86,0.965467102871683,2025-05-20 11:26:43.682765,2025-05-20 11:27:47.851049,0 days 00:01:04.168284,False,0.5,COMPLETE,0.5,0.8,2.1772754191174876e-05,8.397914635750298e-05,1.5,0.1,0.15,True,60.0,0.25
84,0.965467102871683,2025-05-20 11:24:36.289703,2025-05-20 11:25:39.328505,0 days 00:01:03.038802,False,0.5,COMPLETE,0.5,0.8,2.4272449801876163e-05,8.826836622655967e-05,1.6,0.05,0.15,True,60.0,0.2
90,0.965467102871683,2025-05-20 11:31:14.446554,2025-05-20 11:32:19.280343,0 days 00:01:04.833789,False,0.5,COMPLETE,0.5,0.99,2.3238276632709442e-05,0.00030530090631417474,1.6,0.1,0.15,True,60.0,0.25
112,0.965467102871683,2025-05-20 11:56:33.555253,2025-05-20 11:57:53.406626,0 days 00:01:19.851373,False,0.25,COMPLETE,0.5,0.99,1.1546836510775e-05,0.0008344981329333065,1.2000000000000002,0.05,0.15,True,30.0,0.3
97,0.9653762268266085,2025-05-20 11:38:49.949855,2025-05-20 11:39:53.791418,0 days 00:01:03.841563,False,0.25,COMPLETE,0.5,0.99,2.6830719263847255e-05,0.00017343607794148634,1.5,0.15000000000000002,0.15,True,60.0,0.25
71,0.9653762268266085,2025-05-20 11:10:46.750856,2025-05-20 11:11:52.114580,0 days 00:01:05.363724,False,0.75,COMPLETE,0.5,0.8,1.994721412832129e-05,0.00013084832751779097,1.4,0.05,0.15,True,90.0,0.2
45,0.9653762268266085,2025-05-20 10:47:26.876977,2025-05-20 10:48:20.877763,0 days 00:00:54.000786,False,0.75,COMPLETE,0.5,0.8,5.144019245399571e-05,3.8722995596258484e-05,1.75,0.0,0.15,True,120.0,0.15000000000000002
113,0.9653762268266085,2025-05-20 11:57:53.446168,2025-05-20 11:59:16.004828,0 days 00:01:22.558660,False,0.25,COMPLETE,0.5,0.99,1.00309233366665e-05,0.00040847105736068845,1.2000000000000002,0.05,0.15,True,30.0,0.3
44,0.9652853507815341,2025-05-20 10:46:32.341026,2025-05-20 10:47:26.836913,0 days 00:00:54.495887,False,1.5,COMPLETE,0.5,0.8,4.785350591050873e-05,2.7251633447302787e-05,1.75,0.0,0.15,True,120.0,0.15000000000000002
123,0.9652853507815341,2025-05-20 12:11:04.329563,2025-05-20 12:12:13.543195,0 days 00:01:09.213632,False,0.25,COMPLETE,0.5,0.99,1.7973570589702645e-05,0.0008578870394205404,1.1,0.05,0.15,True,30.0,0.3
72,0.9652853507815341,2025-05-20 11:11:52.156280,2025-05-20 11:12:59.772158,0 days 00:01:07.615878,False,0.25,COMPLETE,0.5,0.8,1.8804524647917838e-05,7.694689691450502e-05,1.3,0.05,0.15,True,90.0,0.2
91,0.9652853507815339,2025-05-20 11:32:19.319720,2025-05-20 11:33:23.967614,0 days 00:01:04.647894,False,0.5,COMPLETE,0.5,0.99,2.338575281177966e-05,0.0003848362834557976,1.55,0.1,0.15,True,60.0,0.25
41,0.9652853507815339,2025-05-20 10:43:31.664078,2025-05-20 10:44:34.549204,0 days 00:01:02.885126,False,1.75,COMPLETE,0.5,0.8,2.5132724135777294e-05,0.00012180631330864691,1.85,0.05,0.15,True,120.0,0.2
118,0.9652853507815339,2025-05-20 12:04:51.744623,2025-05-20 12:06:05.046249,0 days 00:01:13.301626,False,0.25,COMPLETE,0.5,0.99,1.5912576141387443e-05,0.0010515435072460777,1.2000000000000002,0.05,0.15,True,30.0,0.3
102,0.9652853507815339,2025-05-20 11:44:04.244039,2025-05-20 11:44:58.743699,0 days 00:00:54.499660,False,0.5,COMPLETE,0.5,0.99,5.639079919133411e-05,9.030125513561781e-05,1.6,0.1,0.15,True,60.0,0.25
48,0.9651944747364595,2025-05-20 10:49:59.075556,2025-05-20 10:50:46.054498,0 days 00:00:46.978942,False,1.25,COMPLETE,0.5,0.8,0.00022145490820509384,3.251560447639967e-05,1.6,0.0,0.15,True,90.0,0.15000000000000002
80,0.9651944747364595,2025-05-20 11:20:20.124822,2025-05-20 11:21:26.629163,0 days 00:01:06.504341,False,0.25,COMPLETE,0.5,0.8,2.03772250575205e-05,0.00023342380160142328,1.4500000000000002,0.1,0.15,True,60.0,0.2
59,0.9651944747364595,2025-05-20 10:58:55.033827,2025-05-20 10:59:47.937068,0 days 00:00:52.903241,False,1.5,COMPLETE,0.5,0.8,6.4052685068441e-05,5.02088303535023e-05,1.05,0.0,0.15,True,90.0,0.15000000000000002
52,0.965103598691385,2025-05-20 10:53:12.825380,2025-05-20 10:54:03.266039,0 days 00:00:50.440659,False,2.0,COMPLETE,0.5,0.8,8.88951849129787e-05,2.6148499266955043e-05,1.7000000000000002,0.05,0.15,True,120.0,0.15000000000000002
83,0.965103598691385,2025-05-20 11:23:37.862313,2025-05-20 11:24:36.250036,0 days 00:00:58.387723,False,0.75,COMPLETE,0.5,0.8,3.7955566829506846e-05,0.0004094599551886318,1.4,0.05,0.15,True,30.0,0.2
13,0.965103598691385,2025-05-20 10:08:11.999349,2025-05-20 10:09:56.153155,0 days 00:01:44.153806,True,3.5,COMPLETE,0.5,0.9,1.0218740101368968e-05,0.000940950641204246,1.35,0.25,0.1,False,,0.3
65,0.965103598691385,2025-05-20 11:04:25.187844,2025-05-20 11:05:33.940219,0 days 00:01:08.752375,False,0.75,COMPLETE,0.5,0.8,2.0020248321210235e-05,0.0001122542965016097,1.4,0.05,0.15,True,90.0,0.2
104,0.965103598691385,2025-05-20 11:46:06.905622,2025-05-20 11:47:22.987077,0 days 00:01:16.081455,False,0.25,COMPLETE,0.5,0.99,1.1373680060444044e-05,0.0015221662874940003,1.4500000000000002,0.05,0.15,True,60.0,0.25
96,0.965103598691385,2025-05-20 11:37:44.836072,2025-05-20 11:38:49.909153,0 days 00:01:05.073081,False,1.0,COMPLETE,0.5,0.99,2.2767280501445118e-05,0.00023498623965894196,1.6,0.1,0.15,True,60.0,0.25
100,0.965103598691385,2025-05-20 11:41:51.991357,2025-05-20 11:42:58.190705,0 days 00:01:06.199348,False,0.75,COMPLETE,0.5,0.99,2.1830937087905942e-05,0.0003357368538358746,1.55,0.15000000000000002,0.15,True,60.0,0.3
95,0.9650127226463106,2025-05-20 11:36:32.046539,2025-05-20 11:37:44.796740,0 days 00:01:12.750201,False,0.5,COMPLETE,0.5,0.99,1.4590396791664292e-05,9.654236832541567e-05,1.6500000000000001,0.1,0.15,True,60.0,0.25
42,0.964921846601236,2025-05-20 10:44:34.588517,2025-05-20 10:45:29.837569,0 days 00:00:55.249052,False,2.0,COMPLETE,0.5,0.8,5.0298888373609334e-05,3.939744983652401e-05,1.85,0.05,0.15,True,120.0,0.2
88,0.964921846601236,2025-05-20 11:28:51.703250,2025-05-20 11:30:09.435385,0 days 00:01:17.732135,False,0.5,COMPLETE,0.5,0.99,1.1894238287414773e-05,0.00021640030658201973,1.5,0.1,0.15,True,60.0,0.25
124,0.964921846601236,2025-05-20 12:12:13.581786,2025-05-20 12:13:29.651295,0 days 00:01:16.069509,False,0.5,COMPLETE,0.5,0.99,1.3086086389217978e-05,0.0024849622383652315,1.3,0.05,0.15,True,30.0,0.3
62,0.964921846601236,2025-05-20 11:01:20.505465,2025-05-20 11:02:17.551535,0 days 00:00:57.046070,False,2.25,COMPLETE,0.5,0.8,4.259772590470546e-05,1.4503870292583103e-05,1.05,0.05,0.15,True,90.0,0.15000000000000002
63,0.9648309705561614,2025-05-20 11:02:17.592108,2025-05-20 11:03:11.475999,0 days 00:00:53.883891,False,1.25,COMPLETE,0.5,0.8,6.555250223868988e-05,2.74331854790513e-05,0.8,0.0,0.15,True,150.0,0.1
93,0.9648309705561614,2025-05-20 11:34:25.234075,2025-05-20 11:35:35.627964,0 days 00:01:10.393889,False,0.75,COMPLETE,0.5,0.99,1.6445294911928265e-05,0.0002905796161923291,1.5,0.1,0.15,True,60.0,0.25
78,0.9648309705561614,2025-05-20 11:18:16.992299,2025-05-20 11:19:16.138318,0 days 00:00:59.146019,False,0.75,COMPLETE,0.5,0.8,3.785825095231405e-05,0.00029837678821003505,1.5,0.05,0.15,True,60.0,0.2
75,0.9648309705561614,2025-05-20 11:15:21.717861,2025-05-20 11:16:24.300149,0 days 00:01:02.582288,False,1.0,COMPLETE,0.5,0.8,2.8883830542523696e-05,0.00013993967533112243,1.1,0.1,0.15,True,90.0,0.2
40,0.9648309705561614,2025-05-20 10:42:29.209025,2025-05-20 10:43:31.624877,0 days 00:01:02.415852,False,1.75,COMPLETE,0.5,0.8,2.4594928969865404e-05,0.00017079599195963589,1.85,0.05,0.15,True,120.0,0.2
98,0.9648309705561614,2025-05-20 11:39:53.830560,2025-05-20 11:40:51.519728,0 days 00:00:57.689168,False,0.75,COMPLETE,0.5,0.99,4.3942659167384556e-05,6.25970464137549e-05,1.4500000000000002,0.1,0.15,True,30.0,0.25
54,0.9647400945110869,2025-05-20 10:54:53.981732,2025-05-20 10:55:41.021210,0 days 00:00:47.039478,False,0.75,COMPLETE,0.5,0.8,0.00020727571347347814,2.223997707992166e-05,1.7000000000000002,0.05,0.15,True,120.0,0.15000000000000002
92,0.9647400945110869,2025-05-20 11:33:24.007915,2025-05-20 11:34:25.192689,0 days 00:01:01.184774,False,0.25,COMPLETE,0.5,0.99,3.0511273109688303e-05,0.0001800024398454809,1.6,0.1,0.15,True,60.0,0.25
82,0.9647400945110869,2025-05-20 11:22:27.589315,2025-05-20 11:23:37.821563,0 days 00:01:10.232248,False,0.25,COMPLETE,0.5,0.8,1.6059987177667878e-05,0.00014730279143494702,1.4500000000000002,0.05,0.15,True,60.0,0.2
81,0.9647400945110869,2025-05-20 11:21:26.670186,2025-05-20 11:22:27.549804,0 days 00:01:00.879618,False,0.5,COMPLETE,0.5,0.8,2.825498561396168e-05,0.000641364500704065,1.35,0.05,0.15,True,30.0,0.2
73,0.9646492184660124,2025-05-20 11:12:59.812637,2025-05-20 11:14:06.737014,0 days 00:01:06.924377,False,0.25,COMPLETE,0.5,0.8,1.869561060771615e-05,7.70669223490123e-05,1.4,0.05,0.15,True,90.0,0.2
43,0.9646492184660124,2025-05-20 10:45:29.877658,2025-05-20 10:46:32.302524,0 days 00:01:02.424866,False,1.75,COMPLETE,0.5,0.8,2.3820428776624292e-05,0.0001324706355645366,1.9000000000000001,0.05,0.15,True,120.0,0.2
39,0.9646492184660124,2025-05-20 10:41:33.436276,2025-05-20 10:42:29.168693,0 days 00:00:55.732417,False,1.75,COMPLETE,0.5,0.8,4.734744881899072e-05,0.00016885406587557525,1.85,0.15000000000000002,0.15,True,120.0,0.25
35,0.9645583424209377,2025-05-20 10:36:35.188449,2025-05-20 10:37:32.944123,0 days 00:00:57.755674,False,4.5,COMPLETE,0.5,0.8,3.4560469163014205e-05,0.004191445689100949,1.6500000000000001,0.15000000000000002,0.1,False,,0.25
64,0.9644674663758633,2025-05-20 11:03:11.515527,2025-05-20 11:04:25.148895,0 days 00:01:13.633368,False,2.0,COMPLETE,0.5,0.8,1.2942542664287498e-05,7.670452173277474e-05,1.8,0.0,0.15,True,120.0,0.15000000000000002
61,0.9644674663758633,2025-05-20 11:00:29.018056,2025-05-20 11:01:20.461674,0 days 00:00:51.443618,False,1.5,COMPLETE,0.5,0.8,8.421890253068475e-05,2.2056305671102864e-05,1.15,0.0,0.15,True,90.0,0.15000000000000002
14,0.9644674663758633,2025-05-20 10:09:56.194983,2025-05-20 10:11:44.174913,0 days 00:01:47.979930,True,3.25,COMPLETE,0.5,0.9,1.1308980729991344e-05,0.0023333369216374674,1.35,0.25,0.1,False,,0.25
53,0.9644674663758633,2025-05-20 10:54:03.306199,2025-05-20 10:54:53.941198,0 days 00:00:50.634999,False,1.25,COMPLETE,0.5,0.8,8.234628292852447e-05,2.2971700183042948e-05,1.6,0.0,0.15,True,60.0,0.15000000000000002
31,0.9644674663758632,2025-05-20 10:30:54.152883,2025-05-20 10:32:01.858301,0 days 00:01:07.705418,True,3.25,COMPLETE,0.5,0.9,3.453833719079072e-05,0.0029530400820678396,1.3,0.2,0.1,False,,0.25
16,0.9644674663758632,2025-05-20 10:12:54.862542,2025-05-20 10:13:51.523638,0 days 00:00:56.661096,True,3.25,COMPLETE,0.5,0.9,7.382240532574694e-05,0.0017978070055975817,2.0,0.2,0.1,False,,0.3
47,0.9643765903307888,2025-05-20 10:49:13.144065,2025-05-20 10:49:59.033526,0 days 00:00:45.889461,False,0.25,COMPLETE,0.5,0.8,0.00030269395587314944,4.6453723281980726e-05,1.75,0.0,0.15,True,150.0,0.15000000000000002
99,0.9643765903307888,2025-05-20 11:40:51.559975,2025-05-20 11:41:51.951892,0 days 00:01:00.391917,False,1.0,COMPLETE,0.5,0.99,3.1766264849771455e-05,0.0005027957383760475,1.35,0.1,0.15,True,60.0,0.25
67,0.9643765903307888,2025-05-20 11:06:33.148724,2025-05-20 11:07:35.730375,0 days 00:01:02.581651,False,1.5,COMPLETE,0.5,0.99,3.0150330823698e-05,0.00020630424116598004,1.75,0.1,0.15,True,90.0,0.1
32,0.9643765903307888,2025-05-20 10:32:01.994620,2025-05-20 10:33:10.109952,0 days 00:01:08.115332,True,2.75,COMPLETE,0.5,0.9,3.3725033553006205e-05,0.0021139030975116184,1.55,0.2,0.1,False,,0.3
74,0.9642857142857144,2025-05-20 11:14:06.777485,2025-05-20 11:15:21.678105,0 days 00:01:14.900620,False,0.5,COMPLETE,0.5,0.8,1.2956707404755895e-05,0.000497398925342951,1.3,0.0,0.15,True,90.0,0.2
22,0.9642857142857143,2025-05-20 10:20:06.017576,2025-05-20 10:21:27.453577,0 days 00:01:21.436001,True,3.0,COMPLETE,0.5,0.9,1.69140512917296e-05,0.0012096358733964746,1.9500000000000002,0.2,0.1,False,,0.3
15,0.9642857142857143,2025-05-20 10:11:44.214039,2025-05-20 10:12:54.818417,0 days 00:01:10.604378,True,3.25,COMPLETE,0.5,0.9,3.053426418356641e-05,0.0030950571228901746,1.35,0.2,0.1,False,,0.25
51,0.9642857142857143,2025-05-20 10:52:19.481087,2025-05-20 10:53:12.787136,0 days 00:00:53.306049,False,1.5,COMPLETE,0.5,0.8,5.237422112056938e-05,3.005814404285462e-05,1.9000000000000001,0.05,0.15,True,120.0,0.05
58,0.9641948382406399,2025-05-20 10:58:08.237660,2025-05-20 10:58:54.993739,0 days 00:00:46.756079,False,1.0,COMPLETE,0.5,0.8,0.00022660766366508275,0.000316969595861177,1.55,0.05,0.15,True,60.0,0.1
55,0.9641948382406399,2025-05-20 10:55:41.061418,2025-05-20 10:56:31.520853,0 days 00:00:50.459435,False,2.25,COMPLETE,0.5,0.995,0.00011070361264555282,1.0462332837497576e-05,1.5,0.0,0.15,True,90.0,0.1
30,0.9641039621955653,2025-05-20 10:30:06.566161,2025-05-20 10:30:54.114473,0 days 00:00:47.548312,True,2.25,COMPLETE,0.5,0.9,0.0005146160461568483,1.6377047469636284e-05,2.0,0.15000000000000002,0.1,False,,0.2
11,0.9640130861504908,2025-05-20 10:04:52.374344,2025-05-20 10:06:33.703798,0 days 00:01:41.329454,True,3.75,COMPLETE,0.5,0.995,1.0277720207709839e-05,0.000269995493251794,1.35,0.25,0.1,False,,0.25
12,0.9640130861504908,2025-05-20 10:06:33.743918,2025-05-20 10:08:11.961451,0 days 00:01:38.217533,True,3.75,COMPLETE,0.5,0.995,1.0615718368904348e-05,0.00021460675268606834,1.4,0.25,0.1,False,,0.3
49,0.9638313340603416,2025-05-20 10:50:46.093661,2025-05-20 10:51:31.461682,0 days 00:00:45.368021,False,1.0,COMPLETE,0.5,0.8,0.00037754910046355157,1.2376167476544471e-05,1.55,0.0,0.15,True,90.0,0.15000000000000002
21,0.9637404580152672,2025-05-20 10:19:12.332054,2025-05-20 10:20:05.978536,0 days 00:00:53.646482,True,3.25,COMPLETE,0.5,0.9,0.00011098406439262293,0.001913884953374911,1.9500000000000002,0.2,0.1,False,,0.3
94,0.9637404580152672,2025-05-20 11:35:35.670257,2025-05-20 11:36:32.007151,0 days 00:00:56.336894,False,0.5,COMPLETE,0.5,0.99,3.6570610918962917e-05,0.0006034487787156611,1.55,0.15000000000000002,0.15,True,60.0,0.25
25,0.9635587059251182,2025-05-20 10:23:44.373833,2025-05-20 10:24:57.110687,0 days 00:01:12.736854,True,3.5,COMPLETE,0.5,0.8,2.481101346086575e-05,0.00040023741808644904,1.4500000000000002,0.25,0.1,False,,0.3
18,0.9632860777898946,2025-05-20 10:16:06.439795,2025-05-20 10:17:25.599584,0 days 00:01:19.159789,True,4.25,COMPLETE,0.5,0.9,2.1235563952271268e-05,0.0013879520779902948,1.5,0.30000000000000004,0.1,False,,0.1
26,0.9632860777898946,2025-05-20 10:24:57.150118,2025-05-20 10:26:39.599862,0 days 00:01:42.449744,True,2.75,COMPLETE,0.5,0.9,1.017119969417213e-05,9.856008537096798e-05,1.2000000000000002,0.2,0.15,False,,0.25
57,0.9632860777898946,2025-05-20 10:57:20.091106,2025-05-20 10:58:08.198988,0 days 00:00:48.107882,False,2.0,COMPLETE,0.5,0.99,0.0001403085703947865,0.00010477865483976274,1.6500000000000001,0.05,0.15,True,120.0,0.05
68,0.9631043256997455,2025-05-20 11:07:35.769653,2025-05-20 11:08:19.874606,0 days 00:00:44.104953,False,2.5,COMPLETE,0.5,0.8,0.0004710446434142259,2.0391726795675044e-05,0.9,0.0,0.0,True,60.0,0.2
28,0.9623773173391493,2025-05-20 10:27:31.395358,2025-05-20 10:28:39.901517,0 days 00:01:08.506159,True,3.5,COMPLETE,0.5,0.9,4.0545281011330286e-05,0.001084595805513464,0.75,0.25,0.05,False,,0.25
23,0.9623773173391493,2025-05-20 10:21:27.491556,2025-05-20 10:22:32.812847,0 days 00:01:05.321291,True,4.75,COMPLETE,0.5,0.9,5.3200133016994404e-05,0.0066997002073873255,1.75,0.30000000000000004,0.1,False,,0.25
66,0.9622864412940748,2025-05-20 11:05:33.986015,2025-05-20 11:06:33.106874,0 days 00:00:59.120859,False,1.0,COMPLETE,0.5,0.8,6.39490777239658e-05,4.0752169286019344e-05,1.9500000000000002,0.35,0.15,True,120.0,0.15000000000000002
36,0.9621046892039259,2025-05-20 10:37:32.983186,2025-05-20 10:38:31.276264,0 days 00:00:58.293078,False,4.5,COMPLETE,0.5,0.8,0.00015590008242632615,0.08458012386996655,1.6,0.1,0.15,False,,0.3
33,0.9621046892039259,2025-05-20 10:33:10.148646,2025-05-20 10:34:16.834035,0 days 00:01:06.685389,True,4.0,COMPLETE,0.5,0.9,6.389743081741176e-05,0.01405511267298155,1.3,0.25,0.1,False,,0.25
1,0.9617411850236278,2025-05-20 09:56:01.567972,2025-05-20 09:56:51.797777,0 days 00:00:50.229805,True,4.5,COMPLETE,0.5,0.995,0.00017817485695164343,9.542944374691966e-05,1.6,0.30000000000000004,0.05,False,,0.25
20,0.9615594329334787,2025-05-20 10:18:16.820564,2025-05-20 10:19:12.293351,0 days 00:00:55.472787,True,4.0,COMPLETE,0.6,0.9,6.570213262486571e-05,0.0007498947184242062,1.15,0.25,0.1,False,,0.3
6,0.9613776808433298,2025-05-20 10:00:48.274541,2025-05-20 10:01:34.926028,0 days 00:00:46.651487,True,1.75,COMPLETE,0.6,0.995,0.0003088570872558479,0.00027119900420617774,1.05,0.05,0.15,True,150.0,0.2
56,0.9612868047982551,2025-05-20 10:56:31.561613,2025-05-20 10:57:20.046512,0 days 00:00:48.484899,False,1.5,COMPLETE,0.5,0.8,0.009987033615930748,6.454248917365919e-05,1.8,0.0,0.0,True,150.0,0.15000000000000002
10,0.960923300617957,2025-05-20 10:04:06.218291,2025-05-20 10:04:52.335524,0 days 00:00:46.117233,True,5.0,COMPLETE,0.5,0.9,0.00960837099860056,1.7059387341572974e-05,0.5,0.25,0.0,False,,0.3
34,0.960923300617957,2025-05-20 10:34:16.876774,2025-05-20 10:36:35.148051,0 days 00:02:18.271277,True,3.5,COMPLETE,0.5,0.99,1.5190565019065359e-05,0.04704462263629933,1.4500000000000002,0.2,0.05,False,,0.2
24,0.960741548527808,2025-05-20 10:22:32.853126,2025-05-20 10:23:44.332162,0 days 00:01:11.479036,True,3.25,COMPLETE,0.5,0.9,8.897553562976318e-05,0.01881428553530826,0.6,0.15000000000000002,0.05,False,,0.2
60,0.9604689203925845,2025-05-20 10:59:47.977699,2025-05-20 11:00:28.978946,0 days 00:00:41.001247,False,0.5,COMPLETE,0.6,0.995,0.005903838544451295,5.12983768068648e-05,1.0,0.0,0.15,True,90.0,0.15000000000000002
8,0.9601962922573609,2025-05-20 10:02:28.181866,2025-05-20 10:03:24.380191,0 days 00:00:56.198325,False,0.5,COMPLETE,0.5,0.995,0.00010615770938875823,0.004636959138688155,0.9,0.35,0.05,True,120.0,0.15000000000000002
29,0.9591057797164667,2025-05-20 10:28:39.947148,2025-05-20 10:30:06.526808,0 days 00:01:26.579660,True,1.25,COMPLETE,0.6,0.99,1.662887116982392e-05,7.784733949030298e-05,1.7000000000000002,0.1,0.15,False,,0.1
27,0.9581970192657217,2025-05-20 10:26:39.639007,2025-05-20 10:27:31.355901,0 days 00:00:51.716894,True,4.25,COMPLETE,0.6,0.9,0.000170192050814633,0.0031480220583286075,0.95,0.30000000000000004,0.1,False,,0.3
0,0.9571973827699018,2025-05-20 09:54:56.771340,2025-05-20 09:56:01.527921,0 days 00:01:04.756581,False,1.5,COMPLETE,0.6,0.99,3.344389079611411e-05,4.3612900215930406e-05,1.6500000000000001,0.1,0.15,False,,0.15000000000000002
38,0.9565612504543802,2025-05-20 10:40:23.391254,2025-05-20 10:41:33.394533,0 days 00:01:10.003279,False,4.5,COMPLETE,0.6,0.8,2.526098162796725e-05,0.0054703910432840775,1.6500000000000001,0.1,0.1,True,90.0,0.3
50,0.9564703744093057,2025-05-20 10:51:31.500161,2025-05-20 10:52:19.438925,0 days 00:00:47.938764,False,1.25,COMPLETE,0.6,0.8,0.00021418600354048285,5.983332451513983e-05,1.7000000000000002,0.0,0.15,True,90.0,0.1
5,0.9558342420937841,2025-05-20 09:59:38.365211,2025-05-20 10:00:48.235733,0 days 00:01:09.870522,False,3.75,COMPLETE,0.7,0.8,0.002351390760180515,0.0006220292277419403,1.6,0.15000000000000002,0.1,True,60.0,0.0
19,0.9553798618684115,2025-05-20 10:17:25.638917,2025-05-20 10:18:16.780708,0 days 00:00:51.141791,True,3.0,COMPLETE,0.6,0.9,0.00075777947303568,0.010626498990741272,1.8,0.2,0.15,False,,0.25
46,0.9553798618684115,2025-05-20 10:48:20.917348,2025-05-20 10:49:13.106961,0 days 00:00:52.189613,False,0.75,COMPLETE,0.6,0.8,0.0001189742547358763,3.296504634216076e-05,1.75,0.0,0.15,True,120.0,0.1
17,0.9552889858233371,2025-05-20 10:13:51.562782,2025-05-20 10:16:06.395674,0 days 00:02:14.832892,True,3.0,COMPLETE,0.7,0.9,1.792016565615028e-05,0.008516518636968182,1.25,0.30000000000000004,0.15,False,,0.2
70,0.9540167211922937,2025-05-20 11:09:33.341340,2025-05-20 11:10:46.711531,0 days 00:01:13.370191,False,0.5,COMPLETE,0.7,0.8,0.001506514995982551,0.0008720439290629793,1.15,0.1,0.15,True,120.0,0.1
2,0.9532897128316976,2025-05-20 09:56:51.840888,2025-05-20 09:58:06.413996,0 days 00:01:14.573108,False,2.25,COMPLETE,0.6,0.99,4.517408869687617e-05,0.03271678669527392,1.1,0.15000000000000002,0.05,True,150.0,0.05
4,0.949836423118866,2025-05-20 09:58:48.378491,2025-05-20 09:59:38.325292,0 days 00:00:49.946801,False,2.0,COMPLETE,0.5,0.995,0.0002983901297136954,0.24129816874539003,1.05,0.1,0.15,True,90.0,0.15000000000000002
116,0.946201381315885,2025-05-20 12:01:48.137458,2025-05-20 12:03:37.734975,0 days 00:01:49.597517,False,0.25,COMPLETE,0.7,0.99,1.7550101399414804e-05,0.0006533279524440061,1.3,0.05,0.15,True,30.0,0.3
37,0.9454743729552891,2025-05-20 10:38:31.317154,2025-05-20 10:40:23.348928,0 days 00:01:52.031774,False,5.0,COMPLETE,0.7,0.8,1.3990836141716166e-05,0.0004945500820447348,1.85,0.15000000000000002,0.05,False,,0.15000000000000002
69,0.9452017448200655,2025-05-20 11:08:19.916844,2025-05-20 11:09:33.301792,0 days 00:01:13.384948,False,1.75,COMPLETE,0.5,0.995,9.257818584228447e-05,0.9041308208588476,1.25,0.0,0.15,True,150.0,0.15000000000000002
7,0.943565976008724,2025-05-20 10:01:34.971847,2025-05-20 10:02:28.141535,0 days 00:00:53.169688,True,2.5,COMPLETE,0.6,0.995,0.001081807669502649,0.025587494401590517,0.8,0.35,0.05,True,30.0,0.0
3,0.7334605597964376,2025-05-20 09:58:06.456167,2025-05-20 09:58:48.339717,0 days 00:00:41.883550,False,1.0,COMPLETE,0.7,0.8,0.0037744319410109935,0.07245399045200514,0.8500000000000001,0.1,0.05,False,,0.2
9,0.6083242457288258,2025-05-20 10:03:24.419217,2025-05-20 10:04:06.179362,0 days 00:00:41.760145,False,2.5,COMPLETE,0.6,0.99,0.0018185462957713487,0.6132517451767705,1.8,0.0,0.0,True,30.0,0.0
