number,value,datetime_start,datetime_complete,duration,params_dropout,params_hidden_power,params_imp_type,params_norm,params_num_layers,params_prune_type,params_residual,state
92,0.843,12:39.0,13:11.0,0 days 00:00:31.999311,0.4,9,group,layer,2,bnscale,TRUE,COMPLETE
96,0.843,14:47.5,15:19.7,0 days 00:00:32.280706,0.4,9,group,layer,2,bnscale,TRUE,COMPLETE
74,0.842333333,02:00.2,02:31.7,0 days 00:00:31.503545,0.7,9,group,layer,2,base,TRUE,COMPLETE
64,0.842,56:55.8,57:27.9,0 days 00:00:32.102262,0.4,9,group,layer,2,base,TRUE,COMPLETE
78,0.842,03:52.8,04:34.2,0 days 00:00:41.417744,0.2,9,group,layer,3,bnscale,FALSE,COMPLETE
91,0.841666667,12:06.8,12:38.9,0 days 00:00:32.111352,0.4,9,group,layer,2,bnscale,TRUE,COMPLETE
95,0.841666667,14:15.2,14:47.4,0 days 00:00:32.201997,0.4,9,group,layer,2,bnscale,TRUE,COMPLETE
97,0.841666667,15:19.8,15:52.1,0 days 00:00:32.369517,0.4,9,group,layer,2,bnscale,TRUE,COMPLETE
93,0.841333333,13:11.0,13:42.9,0 days 00:00:31.906850,0.4,9,group,layer,2,bnscale,TRUE,COMPLETE
94,0.841333333,13:42.9,14:15.2,0 days 00:00:32.314468,0.4,9,group,layer,2,bnscale,TRUE,COMPLETE
86,0.840333333,09:02.1,09:34.0,0 days 00:00:31.883288,0.5,9,group,layer,2,bnscale,TRUE,COMPLETE
99,0.84,16:13.1,16:45.2,0 days 00:00:32.156525,0.4,9,group,layer,2,bnscale,TRUE,COMPLETE
15,0.839666667,32:17.3,32:43.5,0 days 00:00:26.120553,0.5,9,group,layer,2,bnscale,TRUE,COMPLETE
21,0.839666667,35:10.4,35:36.2,0 days 00:00:25.823332,0.5,9,group,layer,2,bnscale,TRUE,COMPLETE
33,0.838666667,40:48.0,41:13.4,0 days 00:00:25.354590,0.3,9,group,layer,2,bnscale,TRUE,COMPLETE
35,0.838666667,41:32.5,41:56.6,0 days 00:00:24.097647,0.3,9,group,layer,2,base,TRUE,COMPLETE
40,0.838666667,44:40.4,45:04.9,0 days 00:00:24.500931,0.3,9,group,layer,2,base,TRUE,COMPLETE
41,0.838666667,45:04.9,45:28.7,0 days 00:00:23.737339,0.3,9,group,layer,2,base,TRUE,COMPLETE
51,0.838666667,49:46.8,50:18.2,0 days 00:00:31.410200,0.3,9,group,layer,2,base,TRUE,COMPLETE
52,0.838666667,50:18.3,50:49.5,0 days 00:00:31.241220,0.3,9,group,layer,2,base,TRUE,COMPLETE
55,0.838666667,51:37.6,52:09.4,0 days 00:00:31.815991,0.2,9,group,layer,2,bnscale,TRUE,COMPLETE
61,0.838666667,55:20.0,55:51.8,0 days 00:00:31.823740,0.3,9,group,layer,2,base,TRUE,COMPLETE
62,0.838666667,55:51.9,56:23.5,0 days 00:00:31.642283,0.3,9,group,layer,2,base,TRUE,COMPLETE
63,0.838666667,56:23.5,56:55.8,0 days 00:00:32.265403,0.2,9,group,layer,2,base,TRUE,COMPLETE
71,0.838666667,00:24.2,00:56.2,0 days 00:00:31.939231,0.3,9,group,layer,2,base,TRUE,COMPLETE
72,0.838666667,00:56.2,01:28.3,0 days 00:00:32.105394,0.3,9,group,layer,2,base,TRUE,COMPLETE
73,0.838666667,01:28.3,02:00.2,0 days 00:00:31.867674,0.3,9,group,layer,2,base,TRUE,COMPLETE
42,0.838333333,45:28.7,45:55.9,0 days 00:00:27.242171,0.2,9,group,layer,2,base,TRUE,COMPLETE
75,0.838,02:31.7,03:03.5,0 days 00:00:31.784276,0.7,9,group,layer,2,base,TRUE,COMPLETE
65,0.837333333,57:27.9,57:59.9,0 days 00:00:31.933362,0.5,9,group,layer,2,group,TRUE,COMPLETE
22,0.837,35:36.2,36:05.5,0 days 00:00:29.322424,0.5,9,group,layer,2,bnscale,TRUE,COMPLETE
24,0.837,36:28.3,37:00.1,0 days 00:00:31.865669,0.4,9,group,layer,3,bnscale,TRUE,COMPLETE
26,0.836666667,37:21.4,37:44.6,0 days 00:00:23.183938,0.5,9,group,layer,2,bnscale,FALSE,COMPLETE
45,0.836333333,46:44.6,47:20.2,0 days 00:00:35.623338,0.1,9,group,layer,3,base,TRUE,COMPLETE
17,0.836,33:09.7,33:35.5,0 days 00:00:25.830662,0.5,9,group,layer,2,bnscale,TRUE,COMPLETE
54,0.835666667,51:07.8,51:37.5,0 days 00:00:29.699300,0.4,9,fpgm,layer,2,base,TRUE,COMPLETE
31,0.835333333,39:40.7,40:16.4,0 days 00:00:35.768152,0.4,9,group,layer,3,bnscale,TRUE,COMPLETE
56,0.835333333,52:09.4,52:51.7,0 days 00:00:42.258105,0.4,9,group,layer,3,base,FALSE,COMPLETE
83,0.835,07:05.1,07:46.7,0 days 00:00:41.618208,0.2,9,group,layer,3,group,FALSE,COMPLETE
88,0.835,10:25.6,10:57.2,0 days 00:00:31.636670,0.5,9,fpgm,layer,2,bnscale,TRUE,COMPLETE
82,0.832333333,06:35.4,07:05.1,0 days 00:00:29.736343,0.2,9,group,layer,2,bnscale,FALSE,COMPLETE
46,0.832,47:20.2,47:46.2,0 days 00:00:26.006419,0.3,8,lamp,layer,2,base,TRUE,COMPLETE
81,0.832,06:04.3,06:35.3,0 days 00:00:31.048278,0.2,9,group,layer,2,bnscale,FALSE,COMPLETE
13,0.831333333,31:29.1,31:54.1,0 days 00:00:24.995046,0.5,7,fpgm,layer,2,bnscale,TRUE,COMPLETE
25,0.831,37:00.2,37:21.4,0 days 00:00:21.244189,0.6,8,group,layer,2,bnscale,TRUE,COMPLETE
32,0.829,40:16.5,40:48.0,0 days 00:00:31.564302,0.5,9,group,layer,3,bnscale,TRUE,COMPLETE
11,0.826666667,30:30.0,31:03.8,0 days 00:00:33.844723,0.5,7,fpgm,layer,2,bnscale,TRUE,COMPLETE
67,0.826,58:19.9,58:48.6,0 days 00:00:28.789417,0.4,8,group,layer,2,base,TRUE,COMPLETE
48,0.825333333,48:03.8,48:46.7,0 days 00:00:42.948459,0.3,9,group,layer,3,base,TRUE,COMPLETE
39,0.823666667,43:55.6,44:40.4,0 days 00:00:44.765314,0.2,8,group,layer,3,base,FALSE,COMPLETE
59,0.822,53:41.9,54:42.1,0 days 00:01:00.200483,0.3,9,group,layer,5,base,TRUE,COMPLETE
16,0.821666667,32:43.5,33:09.7,0 days 00:00:26.208362,0.6,9,group,,2,group,TRUE,COMPLETE
79,0.819666667,04:34.2,05:24.3,0 days 00:00:50.110279,0.1,9,group,layer,4,bnscale,FALSE,COMPLETE
20,0.817,34:28.4,35:10.4,0 days 00:00:41.969621,0.4,8,group,layer,4,group,TRUE,COMPLETE
58,0.817,53:12.0,53:41.9,0 days 00:00:29.912015,0.4,7,fpgm,layer,2,bnscale,TRUE,COMPLETE
77,0.812,03:31.8,03:52.7,0 days 00:00:20.900867,0.8,9,lamp,layer,1,base,TRUE,COMPLETE
90,0.81,11:38.0,12:06.8,0 days 00:00:28.833121,0.5,9,group,,2,bnscale,TRUE,COMPLETE
37,0.809,42:15.7,43:03.8,0 days 00:00:48.106122,0.1,8,group,layer,6,base,TRUE,COMPLETE
23,0.807666667,36:05.6,36:28.3,0 days 00:00:22.692252,0.7,9,group,layer,1,bnscale,TRUE,COMPLETE
89,0.807666667,10:57.2,11:38.0,0 days 00:00:40.729448,0.6,8,group,layer,3,bnscale,TRUE,COMPLETE
12,0.807,31:03.8,31:29.1,0 days 00:00:25.290284,0.4,6,fpgm,layer,2,bnscale,TRUE,COMPLETE
87,0.806666667,09:34.0,10:25.6,0 days 00:00:51.557804,0.5,9,group,layer,4,bnscale,FALSE,COMPLETE
18,0.805666667,33:35.6,33:54.8,0 days 00:00:19.234860,0.6,9,group,layer,1,bnscale,FALSE,COMPLETE
49,0.805666667,48:46.8,49:14.4,0 days 00:00:27.635821,0.2,8,group,,2,base,TRUE,COMPLETE
43,0.805333333,45:56.0,46:15.0,0 days 00:00:19.042812,0.4,9,group,layer,1,base,TRUE,COMPLETE
70,0.805333333,00:03.3,00:24.2,0 days 00:00:20.931287,0.4,9,group,layer,1,base,TRUE,COMPLETE
98,0.805333333,15:52.2,16:13.0,0 days 00:00:20.891096,0.4,9,lamp,layer,1,bnscale,TRUE,COMPLETE
29,0.804666667,38:38.5,39:07.3,0 days 00:00:28.858807,0.2,8,lamp,,2,bnscale,TRUE,COMPLETE
84,0.804333333,07:46.7,08:28.9,0 days 00:00:42.128917,0.7,9,group,layer,3,bnscale,TRUE,COMPLETE
36,0.802666667,41:56.6,42:15.6,0 days 00:00:19.035320,0.3,9,lamp,layer,1,base,TRUE,COMPLETE
53,0.802666667,50:49.5,51:07.8,0 days 00:00:18.308399,0.3,9,group,layer,1,base,TRUE,COMPLETE
47,0.802333333,47:46.2,48:03.8,0 days 00:00:17.538797,0.4,9,group,layer,1,group,FALSE,COMPLETE
66,0.802333333,57:59.9,58:19.8,0 days 00:00:19.954493,0.4,9,group,layer,1,bnscale,FALSE,COMPLETE
69,0.801666667,59:32.8,00:03.3,0 days 00:00:30.494611,0.6,6,fpgm,layer,2,bnscale,TRUE,COMPLETE
76,0.801,03:03.5,03:31.8,0 days 00:00:28.299316,0.7,9,group,,2,bnscale,TRUE,COMPLETE
57,0.799333333,52:51.7,53:12.0,0 days 00:00:20.295975,0.6,9,group,layer,1,bnscale,TRUE,COMPLETE
34,0.795,41:13.4,41:32.5,0 days 00:00:19.051995,0.2,8,group,layer,1,bnscale,TRUE,COMPLETE
8,0.794333333,28:49.8,29:30.7,0 days 00:00:40.886736,0.3,6,fpgm,layer,4,base,TRUE,COMPLETE
60,0.789,54:42.1,55:20.0,0 days 00:00:37.861434,0.5,9,lamp,,3,bnscale,TRUE,COMPLETE
1,0.785333333,24:28.9,24:46.4,0 days 00:00:17.457515,0.6,7,fpgm,layer,1,bnscale,TRUE,COMPLETE
19,0.782333333,33:54.8,34:28.4,0 days 00:00:33.554778,0.3,9,group,,3,bnscale,TRUE,COMPLETE
0,0.782,23:57.6,24:28.9,0 days 00:00:31.337887,0.1,8,fpgm,,3,bnscale,TRUE,COMPLETE
2,0.781333333,24:46.4,25:39.4,0 days 00:00:53.001001,0.5,8,group,layer,5,base,TRUE,COMPLETE
80,0.773666667,05:24.3,06:04.3,0 days 00:00:39.942080,0.6,7,group,layer,3,bnscale,FALSE,COMPLETE
85,0.75,08:28.9,09:02.1,0 days 00:00:33.188244,0.3,9,group,batch,2,base,TRUE,COMPLETE
44,0.734,46:15.0,46:44.5,0 days 00:00:29.521342,0,9,group,batch,2,base,TRUE,COMPLETE
10,0.731,29:49.3,30:29.9,0 days 00:00:40.615733,0.3,6,fpgm,,4,base,FALSE,COMPLETE
5,0.721666667,27:08.0,28:01.1,0 days 00:00:53.080514,0,6,lamp,layer,6,bnscale,TRUE,COMPLETE
30,0.718,39:07.3,39:40.7,0 days 00:00:33.320910,0.6,9,group,,4,bnscale,TRUE,COMPLETE
28,0.700666667,38:16.5,38:38.4,0 days 00:00:21.895464,0.4,9,group,batch,1,group,TRUE,COMPLETE
50,0.695333333,49:14.4,49:46.8,0 days 00:00:32.395980,0.5,9,group,batch,2,group,TRUE,COMPLETE
7,0.684666667,28:32.3,28:49.8,0 days 00:00:17.545340,0.7,7,fpgm,batch,1,group,FALSE,COMPLETE
38,0.638666667,43:03.8,43:55.6,0 days 00:00:51.839261,0.3,9,lamp,batch,5,base,TRUE,COMPLETE
68,0.611,58:48.7,59:32.7,0 days 00:00:44.085454,0.5,9,group,batch,3,bnscale,TRUE,COMPLETE
6,0.604,28:01.1,28:32.3,0 days 00:00:31.128675,0.1,8,group,batch,3,group,FALSE,COMPLETE
14,0.571666667,31:54.2,32:17.3,0 days 00:00:23.176701,0.8,7,fpgm,layer,2,bnscale,FALSE,COMPLETE
3,0.555333333,25:39.4,26:18.5,0 days 00:00:39.083611,0.4,7,lamp,batch,3,base,TRUE,COMPLETE
9,0.506,29:30.8,29:49.3,0 days 00:00:18.557920,0.2,6,fpgm,batch,1,bnscale,TRUE,COMPLETE
27,0.349,37:44.6,38:16.5,0 days 00:00:31.891446,0.8,8,group,layer,3,bnscale,TRUE,COMPLETE
4,0.255666667,26:18.5,27:08.0,0 days 00:00:49.490402,0.7,9,lamp,layer,5,base,TRUE,COMPLETE
