number,value,datetime_start,datetime_complete,duration,params_reset,params_temperature,state,params_prune_rate,params_momentum,params_momentum,params_kd_lr,params_kd_weight_decay,params_lamb,params_alpha,params_kd_warmup,params_kd_scheduler,params_kd_T_0,params_label_smoothing
78,0.7353333333333333,2025-05-19 17:46:48.715965,2025-05-19 17:47:16.094455,0 days 00:00:27.378490,True,0.5,COMPLETE,0.7,0.995,0.995,1.6547494205953893e-05,0.0014541030214070237,1.35,0.05,0.0,True,120.0,0.05
86,0.7343333333333334,2025-05-19 17:50:25.045835,2025-05-19 17:50:52.330005,0 days 00:00:27.284170,True,0.25,COMPLETE,0.7,0.995,0.995,1.4065473840857839e-05,0.000855215398909122,1.3,0.05,0.0,True,90.0,0.05
84,0.734,2025-05-19 17:49:32.228641,2025-05-19 17:49:59.892716,0 days 00:00:27.664075,True,0.75,COMPLETE,0.7,0.995,0.995,2.6447718589150538e-05,0.0008854653442972563,1.4,0.15000000000000002,0.0,True,90.0,0.05
120,0.7333333333333334,2025-05-19 18:05:49.233297,2025-05-19 18:06:16.374004,0 days 00:00:27.140707,True,0.5,COMPLETE,0.7,0.995,0.995,2.101084704732482e-05,0.0007732265292617741,1.35,0.05,0.0,True,120.0,0.0
121,0.7333333333333334,2025-05-19 18:06:16.413912,2025-05-19 18:06:43.601418,0 days 00:00:27.187506,True,0.5,COMPLETE,0.7,0.995,0.995,2.1934083151444244e-05,0.0007687663512298576,1.35,0.05,0.0,True,120.0,0.0
108,0.7333333333333333,2025-05-19 18:00:13.034353,2025-05-19 18:00:41.143352,0 days 00:00:28.108999,True,0.75,COMPLETE,0.7,0.995,0.995,2.61522346876407e-05,0.0020971363030998897,1.15,0.0,0.0,True,90.0,0.05
83,0.733,2025-05-19 17:49:05.178450,2025-05-19 17:49:32.188506,0 days 00:00:27.010056,True,0.75,COMPLETE,0.7,0.995,0.995,1.929317974052398e-05,0.0009845439897057133,1.4,0.1,0.0,True,90.0,0.05
68,0.733,2025-05-19 17:42:08.104382,2025-05-19 17:42:34.665624,0 days 00:00:26.561242,True,1.25,COMPLETE,0.7,0.995,0.995,2.201135423453987e-05,0.0010831202979148082,1.4,0.2,0.05,True,120.0,0.0
101,0.733,2025-05-19 17:56:53.539890,2025-05-19 17:57:21.008112,0 days 00:00:27.468222,True,1.25,COMPLETE,0.7,0.995,0.995,1.1730124182130822e-05,0.0005720396909228258,1.25,0.05,0.0,True,90.0,0.05
113,0.733,2025-05-19 18:02:33.387202,2025-05-19 18:03:01.791821,0 days 00:00:28.404619,True,0.5,COMPLETE,0.7,0.995,0.995,3.0312737800527633e-05,0.0013094606259016611,1.35,0.1,0.0,True,120.0,0.05
73,0.733,2025-05-19 17:44:27.988150,2025-05-19 17:44:56.497454,0 days 00:00:28.509304,True,0.5,COMPLETE,0.7,0.995,0.995,1.982378645773971e-05,0.0010823502110806605,1.3,0.1,0.0,True,120.0,0.05
71,0.733,2025-05-19 17:43:32.427588,2025-05-19 17:44:00.390200,0 days 00:00:27.962612,True,0.75,COMPLETE,0.7,0.995,0.995,2.1079695569820453e-05,0.0012550093946471534,1.4,0.15000000000000002,0.0,True,120.0,0.05
70,0.7326666666666667,2025-05-19 17:43:03.247861,2025-05-19 17:43:32.387451,0 days 00:00:29.139590,True,0.5,COMPLETE,0.7,0.995,0.995,2.1715699768196277e-05,0.0010551857374444596,1.4,0.15000000000000002,0.0,True,120.0,0.05
67,0.7326666666666667,2025-05-19 17:41:41.472928,2025-05-19 17:42:08.060635,0 days 00:00:26.587707,True,1.5,COMPLETE,0.7,0.995,0.995,2.0518179326023566e-05,0.0011812938048489396,1.4,0.2,0.05,True,120.0,0.0
82,0.7326666666666667,2025-05-19 17:48:38.692603,2025-05-19 17:49:05.138104,0 days 00:00:26.445501,True,0.75,COMPLETE,0.7,0.995,0.995,2.6523012539779446e-05,0.000965810733756528,1.4,0.1,0.0,True,90.0,0.05
88,0.7326666666666667,2025-05-19 17:51:18.775809,2025-05-19 17:51:46.237057,0 days 00:00:27.461248,True,1.25,COMPLETE,0.7,0.995,0.995,1.2208567269597663e-05,0.0005776966448580501,1.25,0.05,0.0,True,90.0,0.05
119,0.7326666666666667,2025-05-19 18:05:21.276628,2025-05-19 18:05:49.191331,0 days 00:00:27.914703,True,0.75,COMPLETE,0.7,0.995,0.995,3.20975195564432e-05,0.002805489299647533,1.3,0.0,0.0,True,30.0,0.05
94,0.7326666666666667,2025-05-19 17:53:55.870688,2025-05-19 17:54:23.152080,0 days 00:00:27.281392,True,1.25,COMPLETE,0.7,0.995,0.995,1.3044121902547519e-05,0.0016834467177675406,1.4,0.05,0.0,True,90.0,0.05
112,0.7326666666666667,2025-05-19 18:02:04.950270,2025-05-19 18:02:33.342533,0 days 00:00:28.392263,True,1.0,COMPLETE,0.7,0.995,0.995,1.3803173521027159e-05,0.0023311866233155037,1.15,0.0,0.0,True,90.0,0.05
92,0.7323333333333334,2025-05-19 17:53:05.792318,2025-05-19 17:53:31.259022,0 days 00:00:25.466704,True,0.5,COMPLETE,0.7,0.995,0.995,2.731347670059175e-05,0.0007603690697575939,1.25,0.1,0.0,True,90.0,0.05
124,0.7323333333333334,2025-05-19 18:07:38.009444,2025-05-19 18:08:05.069054,0 days 00:00:27.059610,True,0.5,COMPLETE,0.7,0.995,0.995,1.5429018730661262e-05,0.000653360209672734,1.3,0.05,0.0,True,120.0,0.0
117,0.7323333333333334,2025-05-19 18:04:24.617905,2025-05-19 18:04:53.407336,0 days 00:00:28.789431,True,0.25,COMPLETE,0.7,0.995,0.995,1.535064022189463e-05,0.0012319555563539302,1.2000000000000002,0.1,0.0,True,120.0,0.05
111,0.7323333333333334,2025-05-19 18:01:37.770574,2025-05-19 18:02:04.908335,0 days 00:00:27.137761,True,0.75,COMPLETE,0.7,0.995,0.995,2.5612856041691988e-05,0.0010222746823039973,1.3,0.1,0.0,True,90.0,0.05
118,0.7323333333333334,2025-05-19 18:04:53.447703,2025-05-19 18:05:21.233465,0 days 00:00:27.785762,True,1.0,COMPLETE,0.7,0.995,0.995,1.131620046230814e-05,0.001363369750244514,1.4500000000000002,0.15000000000000002,0.0,True,120.0,0.1
91,0.7323333333333334,2025-05-19 17:52:40.294849,2025-05-19 17:53:05.751383,0 days 00:00:25.456534,True,0.75,COMPLETE,0.7,0.995,0.995,2.736194146133085e-05,0.0008945896786029713,1.4,0.1,0.0,True,90.0,0.05
69,0.7323333333333334,2025-05-19 17:42:34.708603,2025-05-19 17:43:03.207732,0 days 00:00:28.499129,True,0.75,COMPLETE,0.7,0.995,0.995,2.1311271509249555e-05,0.001115141877546262,1.4,0.2,0.05,True,120.0,0.05
115,0.7320000000000001,2025-05-19 18:03:28.294719,2025-05-19 18:03:56.946625,0 days 00:00:28.651906,True,1.25,COMPLETE,0.7,0.995,0.995,2.2066409570598653e-05,0.0007101176648930892,1.25,0.15000000000000002,0.0,True,120.0,0.05
109,0.7320000000000001,2025-05-19 18:00:41.186346,2025-05-19 18:01:08.780600,0 days 00:00:27.594254,True,1.5,COMPLETE,0.7,0.995,0.995,2.0014761430685134e-05,0.0019527297091229338,0.95,0.0,0.0,True,60.0,0.0
74,0.7319999999999999,2025-05-19 17:44:56.544782,2025-05-19 17:45:24.249839,0 days 00:00:27.705057,True,0.5,COMPLETE,0.7,0.995,0.995,1.991615916039821e-05,0.0013823163921998934,1.35,0.1,0.0,True,120.0,0.05
98,0.7319999999999999,2025-05-19 17:55:36.151701,2025-05-19 17:56:02.941035,0 days 00:00:26.789334,True,0.5,COMPLETE,0.7,0.995,0.995,2.3092858628692328e-05,0.0012317602655270645,1.4500000000000002,0.05,0.0,True,90.0,0.0
103,0.7316666666666666,2025-05-19 17:57:49.831552,2025-05-19 17:58:18.947955,0 days 00:00:29.116403,True,0.75,COMPLETE,0.7,0.995,0.995,1.3828415853372112e-05,0.0005794349071843176,1.35,0.1,0.0,True,120.0,0.05
85,0.7316666666666666,2025-05-19 17:49:59.935444,2025-05-19 17:50:25.004105,0 days 00:00:25.068661,True,1.0,COMPLETE,0.7,0.995,0.995,2.871057584302257e-05,0.0003511163947464573,1.2000000000000002,0.15000000000000002,0.0,True,90.0,0.0
122,0.7316666666666666,2025-05-19 18:06:43.642825,2025-05-19 18:07:10.825045,0 days 00:00:27.182220,True,0.75,COMPLETE,0.7,0.995,0.995,2.3675954340725145e-05,0.0007912553023398887,1.35,0.05,0.0,True,120.0,0.0
116,0.7316666666666666,2025-05-19 18:03:56.986260,2025-05-19 18:04:24.575264,0 days 00:00:27.589004,True,0.5,COMPLETE,0.7,0.995,0.995,1.833952036827731e-05,0.0015761334798126885,1.1,0.05,0.0,True,120.0,0.0
106,0.7313333333333333,2025-05-19 17:59:16.770778,2025-05-19 17:59:44.278792,0 days 00:00:27.508014,True,0.25,COMPLETE,0.7,0.995,0.995,2.1963643100484042e-05,0.0014458627860428044,1.25,0.05,0.0,True,120.0,0.0
100,0.7313333333333333,2025-05-19 17:56:27.568699,2025-05-19 17:56:53.497471,0 days 00:00:25.928772,True,0.5,COMPLETE,0.7,0.995,0.995,2.8808053384191882e-05,0.0007274727720913698,1.3,0.05,0.0,True,120.0,0.1
89,0.7313333333333333,2025-05-19 17:51:46.276814,2025-05-19 17:52:13.782601,0 days 00:00:27.505787,True,0.5,COMPLETE,0.7,0.995,0.995,1.7274169812367653e-05,0.0021581360679283753,1.3,0.05,0.0,True,60.0,0.05
80,0.7313333333333333,2025-05-19 17:47:44.471139,2025-05-19 17:48:10.845361,0 days 00:00:26.374222,True,0.75,COMPLETE,0.7,0.995,0.995,1.9272458221035085e-05,0.0015623175068839828,1.2000000000000002,0.05,0.0,True,120.0,0.0
61,0.7313333333333333,2025-05-19 17:39:14.178797,2025-05-19 17:39:39.394910,0 days 00:00:25.216113,True,1.75,COMPLETE,0.7,0.995,0.995,4.864331615350162e-05,0.003108897140707267,1.5,0.25,0.05,True,150.0,0.05
75,0.731,2025-05-19 17:45:24.310243,2025-05-19 17:45:52.380540,0 days 00:00:28.070297,True,0.5,COMPLETE,0.7,0.995,0.995,2.4180495524199837e-05,0.001720144728275061,1.3,0.1,0.0,True,120.0,0.05
76,0.7309999999999999,2025-05-19 17:45:52.422263,2025-05-19 17:46:21.375741,0 days 00:00:28.953478,True,0.75,COMPLETE,0.7,0.995,0.995,1.3090275165573661e-05,0.0004665564854299223,1.35,0.15000000000000002,0.0,True,120.0,0.05
81,0.7306666666666667,2025-05-19 17:48:10.886011,2025-05-19 17:48:38.652257,0 days 00:00:27.766246,True,1.25,COMPLETE,0.7,0.995,0.995,1.0015598779632232e-05,0.0004111309182794939,1.3,0.15000000000000002,0.0,True,120.0,0.05
72,0.7306666666666666,2025-05-19 17:44:00.419202,2025-05-19 17:44:27.955492,0 days 00:00:27.536290,True,0.5,COMPLETE,0.7,0.995,0.995,1.900293018070888e-05,0.0011567754154128522,1.4,0.1,0.0,True,120.0,0.05
87,0.7306666666666666,2025-05-19 17:50:52.375187,2025-05-19 17:51:18.735123,0 days 00:00:26.359936,True,0.25,COMPLETE,0.7,0.995,0.995,1.525097384639252e-05,0.00018629473109571792,1.1,0.0,0.0,True,90.0,0.0
64,0.7303333333333333,2025-05-19 17:40:28.898334,2025-05-19 17:40:54.021096,0 days 00:00:25.122762,True,1.75,COMPLETE,0.7,0.995,0.995,3.2997485827942474e-05,0.0008743932319615206,1.5,0.2,0.05,True,150.0,0.0
95,0.73,2025-05-19 17:54:23.193028,2025-05-19 17:54:42.759194,0 days 00:00:19.566166,True,0.25,COMPLETE,0.7,0.995,0.995,7.251293435074813e-05,0.00032206004080050755,1.3,0.1,0.0,True,90.0,0.0
62,0.7296666666666667,2025-05-19 17:39:39.434967,2025-05-19 17:40:04.389647,0 days 00:00:24.954680,True,1.75,COMPLETE,0.7,0.995,0.995,3.715232971531952e-05,0.0027636286380639335,1.5,0.25,0.05,True,150.0,0.0
107,0.7296666666666667,2025-05-19 17:59:44.319716,2025-05-19 18:00:12.993587,0 days 00:00:28.673871,True,0.5,COMPLETE,0.7,0.99,0.99,1.68183760481684e-05,0.00039099844510267026,1.55,0.2,0.0,True,120.0,0.05
19,0.7293333333333333,2025-05-19 17:23:43.185316,2025-05-19 17:24:06.222740,0 days 00:00:23.037424,False,2.25,COMPLETE,0.7,0.8,0.8,0.0003376183332983289,0.08127122133983748,1.8,0.25,0.1,False,,0.1
104,0.7293333333333333,2025-05-19 17:58:18.991164,2025-05-19 17:58:47.831745,0 days 00:00:28.840581,True,1.25,COMPLETE,0.7,0.995,0.995,1.745997789329729e-05,0.0002202941415888466,1.4500000000000002,0.1,0.0,True,90.0,0.05
96,0.729,2025-05-19 17:54:42.800503,2025-05-19 17:55:08.163236,0 days 00:00:25.362733,True,1.0,COMPLETE,0.7,0.995,0.995,4.065748067061174e-05,0.0009506420139078767,1.35,0.15000000000000002,0.0,True,120.0,0.1
123,0.729,2025-05-19 18:07:10.869533,2025-05-19 18:07:37.966753,0 days 00:00:27.097220,True,0.25,COMPLETE,0.7,0.995,0.995,1.9362105456834134e-05,0.00045967162362603155,0.65,0.05,0.0,True,90.0,0.0
97,0.7286666666666667,2025-05-19 17:55:08.204440,2025-05-19 17:55:36.100128,0 days 00:00:27.895688,True,1.0,COMPLETE,0.7,0.9,0.9,1.7157182007994778e-05,0.0038254674899043215,1.2000000000000002,0.0,0.0,True,60.0,0.05
57,0.7283333333333334,2025-05-19 17:37:33.349336,2025-05-19 17:37:58.642078,0 days 00:00:25.292742,True,4.5,COMPLETE,0.7,0.995,0.995,0.0007065202601554595,0.013768607472858416,1.5,0.30000000000000004,0.05,True,120.0,0.1
105,0.7280000000000001,2025-05-19 17:58:47.875655,2025-05-19 17:59:16.730956,0 days 00:00:28.855301,True,1.0,COMPLETE,0.7,0.995,0.995,1.0602383871172668e-05,0.0010529292648820698,1.4,0.15000000000000002,0.0,True,90.0,0.1
63,0.7280000000000001,2025-05-19 17:40:04.428207,2025-05-19 17:40:28.856643,0 days 00:00:24.428436,True,1.75,COMPLETE,0.7,0.995,0.995,3.3555759687560126e-05,0.0006468139695914479,1.5,0.2,0.05,True,150.0,0.0
114,0.7280000000000001,2025-05-19 18:03:01.835496,2025-05-19 18:03:28.249723,0 days 00:00:26.414227,True,0.5,COMPLETE,0.7,0.995,0.995,3.043837945198702e-05,0.0005210981502405661,1.35,0.2,0.0,True,120.0,0.05
65,0.7273333333333333,2025-05-19 17:40:54.069692,2025-05-19 17:41:19.225771,0 days 00:00:25.156079,True,1.5,COMPLETE,0.7,0.995,0.995,3.358791713537802e-05,0.0006597444880207885,1.4500000000000002,0.2,0.05,True,150.0,0.0
25,0.7273333333333333,2025-05-19 17:25:56.690063,2025-05-19 17:26:20.300112,0 days 00:00:23.610049,False,4.5,COMPLETE,0.7,0.8,0.8,0.0009056367683375353,0.009737466445318501,1.4500000000000002,0.30000000000000004,0.05,False,,0.2
60,0.7266666666666666,2025-05-19 17:38:52.106211,2025-05-19 17:39:14.138316,0 days 00:00:22.032105,True,1.75,COMPLETE,0.7,0.995,0.995,0.00010714387936079786,0.0023634897963265974,1.5,0.25,0.05,True,150.0,0.1
93,0.7263333333333334,2025-05-19 17:53:31.300335,2025-05-19 17:53:55.830503,0 days 00:00:24.530168,True,0.75,COMPLETE,0.7,0.995,0.995,4.7749414600852456e-05,0.0005046814208810924,1.35,0.15000000000000002,0.0,True,90.0,0.05
24,0.7263333333333333,2025-05-19 17:25:33.805714,2025-05-19 17:25:56.646408,0 days 00:00:22.840694,False,4.25,COMPLETE,0.7,0.8,0.8,0.0006818157534167684,0.015123179001995099,1.35,0.30000000000000004,0.1,False,,0.2
99,0.7263333333333333,2025-05-19 17:56:02.981438,2025-05-19 17:56:27.525584,0 days 00:00:24.544146,True,0.75,COMPLETE,0.7,0.995,0.995,6.04312548231751e-05,0.0026575494087133352,1.4,0.15000000000000002,0.0,True,120.0,0.05
53,0.7263333333333333,2025-05-19 17:36:14.940381,2025-05-19 17:36:38.346215,0 days 00:00:23.405834,False,3.5,COMPLETE,0.7,0.8,0.8,0.0007531271324521624,0.056658748654026404,1.8,0.30000000000000004,0.15,False,,0.25
77,0.726,2025-05-19 17:46:21.418992,2025-05-19 17:46:48.677314,0 days 00:00:27.258322,True,1.0,COMPLETE,0.7,0.995,0.995,2.3809522958332382e-05,0.00018076053694164474,1.25,0.1,0.0,True,120.0,0.05
42,0.726,2025-05-19 17:32:18.417268,2025-05-19 17:32:40.089263,0 days 00:00:21.671995,False,3.75,COMPLETE,0.7,0.8,0.8,0.0007356219527402299,0.015371195673342846,2.0,0.30000000000000004,0.05,False,,0.25
58,0.726,2025-05-19 17:37:58.684577,2025-05-19 17:38:24.387140,0 days 00:00:25.702563,True,4.5,COMPLETE,0.5,0.995,0.995,0.0003354067553380493,0.010469069198534395,1.4,0.2,0.05,True,120.0,0.1
31,0.7256666666666667,2025-05-19 17:28:04.718695,2025-05-19 17:28:28.407270,0 days 00:00:23.688575,False,3.75,COMPLETE,0.7,0.8,0.8,0.0010141514335314723,0.02211239057849321,1.85,0.30000000000000004,0.1,False,,0.2
102,0.7253333333333334,2025-05-19 17:57:21.050592,2025-05-19 17:57:49.789473,0 days 00:00:28.738881,True,1.5,COMPLETE,0.7,0.995,0.995,1.161215902570136e-05,0.0018133603683028058,1.1,0.05,0.0,True,90.0,0.05
66,0.725,2025-05-19 17:41:19.264868,2025-05-19 17:41:41.429794,0 days 00:00:22.164926,True,2.0,COMPLETE,0.7,0.995,0.995,4.705711042222451e-05,0.0002784688079541778,1.55,0.15000000000000002,0.05,True,150.0,0.0
90,0.725,2025-05-19 17:52:13.822101,2025-05-19 17:52:40.254361,0 days 00:00:26.432260,True,0.25,COMPLETE,0.7,0.99,0.99,1.461530244564551e-05,5.6034283444196444e-05,1.4500000000000002,0.15000000000000002,0.0,True,90.0,0.0
23,0.725,2025-05-19 17:25:10.728645,2025-05-19 17:25:33.759799,0 days 00:00:23.031154,False,3.5,COMPLETE,0.7,0.8,0.8,0.0008092104176057304,0.019136986334899,1.8,0.30000000000000004,0.15,False,,0.2
1,0.7243333333333334,2025-05-19 17:16:54.864703,2025-05-19 17:17:15.812991,0 days 00:00:20.948288,False,3.0,COMPLETE,0.5,0.99,0.99,0.00012751615914013975,0.00010266635358159485,0.6,0.35,0.15,False,,0.05
14,0.7233333333333333,2025-05-19 17:21:58.398374,2025-05-19 17:22:23.558149,0 days 00:00:25.159775,False,3.0,COMPLETE,0.7,0.99,0.99,0.0021104825373544356,0.001973940156596773,1.7000000000000002,0.25,0.15,False,,0.3
21,0.723,2025-05-19 17:24:29.365483,2025-05-19 17:24:50.076265,0 days 00:00:20.710782,False,2.25,COMPLETE,0.7,0.8,0.8,0.0004156492473454654,0.09213959363158603,1.8,0.25,0.15,False,,0.05
38,0.7223333333333333,2025-05-19 17:30:44.827983,2025-05-19 17:31:04.862926,0 days 00:00:20.034943,True,4.75,COMPLETE,0.7,0.995,0.995,0.0005777611093148502,0.016433930126640083,1.55,0.0,0.1,False,,0.2
29,0.7223333333333333,2025-05-19 17:27:21.943475,2025-05-19 17:27:42.382215,0 days 00:00:20.438740,True,3.75,COMPLETE,0.7,0.8,0.8,0.0003947064614838561,0.006658077743307003,1.4,0.1,0.05,True,150.0,0.2
12,0.7223333333333333,2025-05-19 17:21:12.794180,2025-05-19 17:21:37.273242,0 days 00:00:24.479062,False,0.25,COMPLETE,0.5,0.99,0.99,8.17638275260772e-05,0.000242000760409837,1.5,0.30000000000000004,0.0,False,,0.3
11,0.722,2025-05-19 17:20:50.334896,2025-05-19 17:21:12.751573,0 days 00:00:22.416677,False,1.75,COMPLETE,0.5,0.99,0.99,0.00014458667609688566,0.00026987526375324937,1.6,0.30000000000000004,0.0,False,,0.25
48,0.7216666666666667,2025-05-19 17:34:20.868564,2025-05-19 17:34:44.695787,0 days 00:00:23.827223,False,3.75,COMPLETE,0.7,0.8,0.8,0.0012875283234568403,0.0013048042925098604,1.6500000000000001,0.25,0.1,False,,0.2
50,0.7213333333333334,2025-05-19 17:35:09.083075,2025-05-19 17:35:28.750699,0 days 00:00:19.667624,False,5.0,COMPLETE,0.7,0.8,0.8,0.005381465279782058,0.008401692988097793,1.9500000000000002,0.35,0.0,False,,0.3
18,0.7210000000000001,2025-05-19 17:23:19.217201,2025-05-19 17:23:43.144170,0 days 00:00:23.926969,False,3.25,COMPLETE,0.7,0.99,0.99,0.0015123208222563446,7.310259976991728e-05,0.9,0.30000000000000004,0.15,True,150.0,0.1
44,0.721,2025-05-19 17:32:59.627713,2025-05-19 17:33:23.939378,0 days 00:00:24.311665,False,2.25,COMPLETE,0.7,0.9,0.9,0.00034179614514827204,0.014149817223598047,1.9000000000000001,0.25,0.05,False,,0.25
55,0.721,2025-05-19 17:36:54.968654,2025-05-19 17:37:16.178496,0 days 00:00:21.209842,False,2.25,COMPLETE,0.7,0.8,0.8,0.00042721166188508004,0.04565082326448809,1.85,0.35,0.1,False,,0.3
52,0.7203333333333334,2025-05-19 17:35:52.556201,2025-05-19 17:36:14.908501,0 days 00:00:22.352300,False,4.25,COMPLETE,0.7,0.8,0.8,0.0005462266970647265,0.01968929638731899,1.9000000000000001,0.30000000000000004,0.1,False,,0.15000000000000002
13,0.7196666666666666,2025-05-19 17:21:37.316508,2025-05-19 17:21:58.362108,0 days 00:00:21.045600,False,0.25,COMPLETE,0.5,0.99,0.99,5.870691249886575e-05,0.00011451617701609659,1.5,0.35,0.05,False,,0.05
33,0.7186666666666667,2025-05-19 17:28:53.351079,2025-05-19 17:29:17.284617,0 days 00:00:23.933538,False,3.75,COMPLETE,0.7,0.8,0.8,0.0016837922951694383,0.0047547876509657985,1.85,0.25,0.1,False,,0.15000000000000002
41,0.7186666666666666,2025-05-19 17:31:59.502710,2025-05-19 17:32:18.375789,0 days 00:00:18.873079,False,3.5,COMPLETE,0.7,0.8,0.8,0.000854498726540623,0.025333693667104563,1.85,0.30000000000000004,0.1,False,,0.2
3,0.7183333333333333,2025-05-19 17:17:36.292476,2025-05-19 17:18:00.352926,0 days 00:00:24.060450,False,1.75,COMPLETE,0.5,0.9,0.9,0.00015884607349911384,1.5781977224503677e-05,1.9000000000000001,0.30000000000000004,0.0,False,,0.2
54,0.718,2025-05-19 17:36:38.390033,2025-05-19 17:36:54.929025,0 days 00:00:16.538992,False,4.0,COMPLETE,0.7,0.8,0.8,0.0011531456230652146,0.07013810960033598,1.6500000000000001,0.25,0.05,False,,0.25
45,0.7176666666666666,2025-05-19 17:33:23.975490,2025-05-19 17:33:42.857047,0 days 00:00:18.881557,False,3.25,COMPLETE,0.7,0.8,0.8,0.00011501798043717722,0.006705711686412273,2.0,0.30000000000000004,0.1,False,,0.3
22,0.7173333333333334,2025-05-19 17:24:50.116754,2025-05-19 17:25:10.687437,0 days 00:00:20.570683,False,2.75,COMPLETE,0.7,0.8,0.8,0.0002045153023893842,0.001067986184315868,1.7000000000000002,0.2,0.1,False,,0.1
59,0.7173333333333333,2025-05-19 17:38:24.429295,2025-05-19 17:38:52.063613,0 days 00:00:27.634318,True,4.75,COMPLETE,0.6,0.995,0.995,0.00024164565131833043,0.005362111342778814,1.55,0.30000000000000004,0.0,True,120.0,0.1
47,0.7173333333333333,2025-05-19 17:34:05.416008,2025-05-19 17:34:20.824898,0 days 00:00:15.408890,True,2.75,COMPLETE,0.7,0.8,0.8,0.0019477292531150335,0.11598693204338378,1.75,0.30000000000000004,0.05,False,,0.25
32,0.717,2025-05-19 17:28:28.446149,2025-05-19 17:28:53.310739,0 days 00:00:24.864590,False,4.0,COMPLETE,0.7,0.8,0.8,0.0008832618232723075,0.0645408271207444,2.0,0.35,0.1,False,,0.2
28,0.7166666666666667,2025-05-19 17:26:59.359665,2025-05-19 17:27:21.902002,0 days 00:00:22.542337,False,5.0,COMPLETE,0.7,0.8,0.8,0.0002908581158058796,0.028434062720303046,1.15,0.25,0.1,False,,0.25
51,0.7156666666666666,2025-05-19 17:35:28.790589,2025-05-19 17:35:52.511177,0 days 00:00:23.720588,False,3.75,COMPLETE,0.7,0.8,0.8,0.0007804132510182525,0.020658836738148858,1.8,0.30000000000000004,0.15,False,,0.2
43,0.7153333333333333,2025-05-19 17:32:40.128857,2025-05-19 17:32:59.585862,0 days 00:00:19.457005,False,4.75,COMPLETE,0.7,0.8,0.8,0.00019208576053481052,0.07973839805972571,2.0,0.35,0.05,False,,0.25
10,0.7146666666666667,2025-05-19 17:20:25.830534,2025-05-19 17:20:50.296490,0 days 00:00:24.465956,False,2.5,COMPLETE,0.7,0.99,0.99,7.608322382395673e-05,0.00043124216916903607,0.5,0.35,0.15,False,,0.0
39,0.7130000000000001,2025-05-19 17:31:04.902055,2025-05-19 17:31:31.442991,0 days 00:00:26.540936,False,4.25,COMPLETE,0.7,0.9,0.9,0.0009625933898732347,0.0350202924506006,1.2000000000000002,0.15000000000000002,0.1,False,,0.15000000000000002
56,0.713,2025-05-19 17:37:16.217680,2025-05-19 17:37:33.307035,0 days 00:00:17.089355,False,2.5,COMPLETE,0.7,0.8,0.8,0.001802476621133169,0.18618314527206825,1.25,0.25,0.15,False,,0.25
15,0.7113333333333333,2025-05-19 17:22:23.597662,2025-05-19 17:22:47.113284,0 days 00:00:23.515622,False,3.0,COMPLETE,0.7,0.8,0.8,0.00279786545406906,0.0020763516176248893,1.7000000000000002,0.2,0.15,False,,0.05
37,0.7096666666666666,2025-05-19 17:30:19.879145,2025-05-19 17:30:44.788655,0 days 00:00:24.909510,False,1.5,COMPLETE,0.6,0.8,0.8,0.00044293080186741976,0.004454560733824892,1.75,0.35,0.05,True,90.0,0.15000000000000002
9,0.7086666666666667,2025-05-19 17:19:59.253028,2025-05-19 17:20:25.787757,0 days 00:00:26.534729,True,5.0,COMPLETE,0.5,0.99,0.99,0.00028225687151359,0.0005818579299728148,0.65,0.35,0.0,False,,0.0
35,0.7083333333333334,2025-05-19 17:29:32.963572,2025-05-19 17:29:59.820802,0 days 00:00:26.857230,False,3.5,COMPLETE,0.7,0.8,0.8,0.0013212906371553685,0.011650166086891019,1.15,0.25,0.05,False,,0.2
0,0.7066666666666667,2025-05-19 17:16:26.885426,2025-05-19 17:16:54.823233,0 days 00:00:27.937807,True,3.75,COMPLETE,0.6,0.995,0.995,1.9183372310841163e-05,2.53719308264339e-05,1.35,0.05,0.1,True,60.0,0.15000000000000002
6,0.706,2025-05-19 17:18:49.499663,2025-05-19 17:19:12.074564,0 days 00:00:22.574901,True,1.0,COMPLETE,0.6,0.9,0.9,0.0005238092764513108,1.2472126556966303e-05,1.9500000000000002,0.2,0.15,False,,0.2
17,0.7050000000000001,2025-05-19 17:23:02.786569,2025-05-19 17:23:19.172911,0 days 00:00:16.386342,False,4.25,COMPLETE,0.7,0.99,0.99,0.007296448245913734,0.0022351198306222774,1.35,0.15000000000000002,0.15,False,,0.25
27,0.7046666666666667,2025-05-19 17:26:41.352367,2025-05-19 17:26:59.313593,0 days 00:00:17.961226,False,4.25,COMPLETE,0.7,0.8,0.8,0.0010921097861209292,0.27881412801821054,1.4500000000000002,0.2,0.05,False,,0.2
49,0.7046666666666667,2025-05-19 17:34:44.737454,2025-05-19 17:35:09.042403,0 days 00:00:24.304949,False,3.25,COMPLETE,0.7,0.9,0.9,0.003276681526937508,0.0037480134756504974,1.4500000000000002,0.30000000000000004,0.05,False,,0.2
2,0.703,2025-05-19 17:17:15.844682,2025-05-19 17:17:36.252827,0 days 00:00:20.408145,False,3.5,COMPLETE,0.5,0.8,0.8,0.0012196502761016076,0.007875110553737656,0.8,0.25,0.1,True,90.0,0.15000000000000002
46,0.701,2025-05-19 17:33:42.896074,2025-05-19 17:34:05.375050,0 days 00:00:22.478976,False,4.0,COMPLETE,0.6,0.995,0.995,0.0005828041050885712,0.04498269615825457,1.0,0.35,0.0,False,,0.15000000000000002
26,0.6986666666666667,2025-05-19 17:26:20.339696,2025-05-19 17:26:41.308734,0 days 00:00:20.969038,False,4.5,COMPLETE,0.7,0.8,0.8,0.0038971774186726676,0.009304385350355089,1.3,0.30000000000000004,0.05,True,30.0,0.25
30,0.6983333333333333,2025-05-19 17:27:42.422881,2025-05-19 17:28:04.676586,0 days 00:00:22.253705,False,4.5,COMPLETE,0.7,0.995,0.995,0.0006633487472137947,0.28426745014647153,1.6,0.30000000000000004,0.1,False,,0.15000000000000002
34,0.6936666666666667,2025-05-19 17:29:17.324982,2025-05-19 17:29:32.923647,0 days 00:00:15.598665,False,4.5,COMPLETE,0.7,0.8,0.8,0.0038872032787181246,0.03511367934669449,1.6,0.30000000000000004,0.1,False,,0.25
79,0.6900000000000001,2025-05-19 17:47:16.133905,2025-05-19 17:47:44.432302,0 days 00:00:28.298397,True,0.25,COMPLETE,0.5,0.995,0.995,1.5536730410412493e-05,0.0008326816100032876,1.35,0.05,0.0,True,120.0,0.05
8,0.6846666666666668,2025-05-19 17:19:40.586046,2025-05-19 17:19:59.211867,0 days 00:00:18.625821,True,4.75,COMPLETE,0.6,0.9,0.9,0.000666175094855566,0.017624699926060763,1.05,0.25,0.05,True,120.0,0.1
110,0.6836666666666665,2025-05-19 18:01:08.819760,2025-05-19 18:01:37.727302,0 days 00:00:28.907542,True,0.25,COMPLETE,0.6,0.9,0.9,3.968893340715069e-05,0.003765124076831837,1.15,0.0,0.0,True,120.0,0.05
16,0.6703333333333333,2025-05-19 17:22:47.153847,2025-05-19 17:23:02.745368,0 days 00:00:15.591521,False,3.0,COMPLETE,0.7,0.99,0.99,0.0023948671607934595,0.050638178311736885,0.8,0.25,0.15,False,,0.05
20,0.6623333333333333,2025-05-19 17:24:06.260922,2025-05-19 17:24:29.326646,0 days 00:00:23.065724,False,2.0,COMPLETE,0.6,0.8,0.8,3.681846933750198e-05,0.13707561067536725,0.5,0.35,0.1,False,,0.1
36,0.644,2025-05-19 17:29:59.860575,2025-05-19 17:30:19.836298,0 days 00:00:19.975723,False,4.0,COMPLETE,0.6,0.8,0.8,0.00024474703733052595,0.19222371694507814,1.3,0.30000000000000004,0.1,False,,0.1
4,0.626,2025-05-19 17:18:00.394444,2025-05-19 17:18:21.291073,0 days 00:00:20.896629,False,2.5,COMPLETE,0.6,0.995,0.995,0.007144512611194867,1.843463689581245e-05,1.15,0.15000000000000002,0.1,False,,0.15000000000000002
5,0.44399999999999995,2025-05-19 17:18:21.333031,2025-05-19 17:18:49.458305,0 days 00:00:28.125274,True,1.25,COMPLETE,0.6,0.9,0.9,2.3462679998495412e-05,0.832907711914284,1.9500000000000002,0.0,0.1,False,,0.3
40,0.25633333333333336,2025-05-19 17:31:31.482251,2025-05-19 17:31:59.461087,0 days 00:00:27.978836,True,1.0,COMPLETE,0.6,0.8,0.8,1.1021053446976315e-05,0.5125510551670789,1.9000000000000001,0.2,0.05,True,60.0,0.2
7,0.24533333333333332,2025-05-19 17:19:12.115635,2025-05-19 17:19:40.544056,0 days 00:00:28.428421,True,4.0,COMPLETE,0.6,0.995,0.995,1.5609023577087185e-05,0.9836310130750519,1.05,0.1,0.05,True,30.0,0.15000000000000002
