number,value,datetime_start,datetime_complete,duration,params_kd_dropout,params_kd_lamb,params_kd_lr,params_kd_momentum,params_kd_norm,params_kd_residual,params_kd_scheduler,params_kd_smoothing,params_kd_warnup,params_kd_weight_decay,params_prune_mlp,params_prune_rate,state
185,0.956862745,31:52.4,39:17.8,0 days 00:07:25.417433,,0.8,0.001380855,0.995,,,FALSE,0.3,,3.40E-05,TRUE,0.7,COMPLETE
176,0.95664488,25:46.1,34:03.9,0 days 00:08:17.757949,,0.8,0.002929705,0.995,,,FALSE,0.25,,1.01E-05,TRUE,0.7,COMPLETE
181,0.95664488,01:39.0,08:48.4,0 days 00:07:09.414415,,0.9,0.000902142,0.995,,,FALSE,0.3,,3.66E-05,TRUE,0.7,COMPLETE
200,0.956427015,12:05.6,19:47.5,0 days 00:07:41.937388,,0.7,0.003074317,0.995,,,FALSE,0.3,,3.49E-05,TRUE,0.7,COMPLETE
180,0.95620915,54:16.6,01:39.0,0 days 00:07:22.341245,,0.9,0.000502902,0.995,,,FALSE,0.25,,5.10E-05,TRUE,0.7,COMPLETE
190,0.95620915,55:37.1,03:43.4,0 days 00:08:06.265468,,0.4,0.001793408,0.995,,,FALSE,0.3,,2.08E-05,TRUE,0.7,COMPLETE
201,0.955555556,19:47.6,28:06.7,0 days 00:08:19.161893,,0.7,0.00375838,0.995,,,FALSE,0.3,,3.33E-05,TRUE,0.7,COMPLETE
182,0.955337691,08:48.5,16:18.3,0 days 00:07:29.836940,,0.9,0.001063112,0.995,,,FALSE,0.3,,6.01E-05,TRUE,0.7,COMPLETE
178,0.955119826,39:11.2,46:54.4,0 days 00:07:43.192597,,0.8,0.00093332,0.995,,,FALSE,0.25,,4.24E-05,TRUE,0.7,COMPLETE
161,0.954901961,43:41.0,50:44.1,0 days 00:07:03.096890,,0.9,0.000371117,0.8,,,FALSE,0.2,,1.08E-05,TRUE,0.7,COMPLETE
192,0.954901961,11:33.3,18:59.2,0 days 00:07:25.965203,,0.4,0.000535662,0.995,,,FALSE,0.3,,2.28E-05,TRUE,0.7,COMPLETE
196,0.954901961,42:15.7,50:14.4,0 days 00:07:58.708188,,0.5,0.001233641,0.995,,,FALSE,0.25,,7.25E-05,TRUE,0.5,COMPLETE
5,0.954466231,20:11.3,27:06.1,0 days 00:06:54.791503,,0.7,0.000247323,0.8,,,FALSE,0.05,,0.000297863,TRUE,0.6,COMPLETE
175,0.954466231,18:31.0,25:46.1,0 days 00:07:15.018083,,0.8,0.002792176,0.9,,,FALSE,0.2,,1.00E-05,TRUE,0.7,COMPLETE
195,0.954248366,34:28.3,42:15.6,0 days 00:07:47.284438,,0.5,0.000689318,0.99,,,FALSE,0.3,,0.000166222,TRUE,0.7,COMPLETE
191,0.954030501,03:43.5,11:33.2,0 days 00:07:49.768819,,0.4,0.001963896,0.995,,,FALSE,0.3,,1.72E-05,TRUE,0.7,COMPLETE
179,0.953812636,46:54.5,54:16.6,0 days 00:07:22.110938,,0.8,0.000892251,0.995,,,FALSE,0.25,,2.24E-05,TRUE,0.7,COMPLETE
159,0.952941176,29:27.1,36:37.2,0 days 00:07:10.080994,,0.7,0.000127633,0.9,,,TRUE,0.2,0.05,0.001591551,TRUE,0.7,COMPLETE
183,0.952723312,16:18.4,24:11.1,0 days 00:07:52.780519,,0.9,0.004770705,0.995,,,FALSE,0.3,,7.81E-05,TRUE,0.7,COMPLETE
160,0.952505447,36:37.2,43:41.0,0 days 00:07:03.752765,,0.7,8.18E-05,0.9,,,TRUE,0.2,0,0.005473599,TRUE,0.7,COMPLETE
169,0.952287582,35:42.7,43:48.7,0 days 00:08:06.031746,,0.7,0.000116666,0.9,,,TRUE,0.2,0,0.001537236,TRUE,0.7,COMPLETE
173,0.952287582,05:42.9,13:05.4,0 days 00:07:22.553342,,0.3,0.000910786,0.8,,,FALSE,0.1,,4.89E-05,TRUE,0.7,COMPLETE
193,0.952287582,18:59.3,26:54.5,0 days 00:07:55.176273,,0.3,0.003429093,0.995,,,FALSE,0.25,,3.17E-05,TRUE,0.7,COMPLETE
3,0.951851852,06:28.6,13:31.0,0 days 00:07:02.455494,,0.5,0.000171818,0.9,,,TRUE,0.15,0.45,0.001048227,TRUE,0.5,COMPLETE
194,0.950326797,26:54.5,34:28.3,0 days 00:07:33.770469,,0.2,0.001453822,0.995,,,FALSE,0.3,,1.84E-05,TRUE,0.7,COMPLETE
1,0.949673203,01:13.3,06:22.2,0 days 00:05:08.856151,0.75,0.1,0.000698104,0.99,layer,TRUE,TRUE,0.1,0.35,4.48E-05,FALSE,0.5,COMPLETE
164,0.949673203,02:45.2,09:43.8,0 days 00:06:58.649575,,0.9,0.000344911,0.8,,,FALSE,0,,1.72E-05,TRUE,0.6,COMPLETE
163,0.948583878,55:57.2,02:45.1,0 days 00:06:47.947680,,0.8,0.00133963,0.8,,,FALSE,0.2,,0.000126411,TRUE,0.6,COMPLETE
177,0.948583878,34:03.9,39:11.2,0 days 00:05:07.288183,0.55,0.9,0.003349763,0.995,layer,TRUE,FALSE,0.3,,4.58E-05,FALSE,0.6,COMPLETE
187,0.948583878,44:40.9,52:10.8,0 days 00:07:29.950401,,0.1,0.00459415,0.995,,,FALSE,0.25,,3.08E-05,TRUE,0.7,COMPLETE
170,0.948366013,43:48.7,50:58.0,0 days 00:07:09.245978,,0.6,0.000260916,0.9,,,TRUE,0.2,0.15,0.000299163,TRUE,0.7,COMPLETE
4,0.947712418,13:31.1,20:11.2,0 days 00:06:40.164110,,0.5,4.43E-05,0.995,,,FALSE,0.3,,0.000630652,TRUE,0.6,COMPLETE
158,0.945969499,24:16.5,29:27.0,0 days 00:05:10.504480,0.35,0.7,0.000612143,0.8,batch,TRUE,FALSE,0,,0.000111572,FALSE,0.7,COMPLETE
171,0.944008715,50:58.0,58:20.2,0 days 00:07:22.120613,,0.7,3.80E-05,0.995,,,TRUE,0.25,0.15,0.003926741,TRUE,0.7,COMPLETE
10,0.94291939,52:51.6,00:14.7,0 days 00:07:23.053658,,0.5,1.43E-05,0.99,,,FALSE,0.05,,2.92E-05,TRUE,0.6,COMPLETE
172,0.940305011,58:20.2,05:42.8,0 days 00:07:22.605689,,0.9,0.000373268,0.9,,,FALSE,0.2,,0.001450462,TRUE,0.6,COMPLETE
174,0.938562092,13:05.5,18:31.0,0 days 00:05:25.527416,0.15,0.6,8.16E-05,0.8,batch,TRUE,TRUE,0.15,0.25,0.011800065,FALSE,0.6,COMPLETE
167,0.937037037,21:44.1,28:47.5,0 days 00:07:03.423302,,0.1,0.000247612,0.8,,,FALSE,0.25,,0.004366684,TRUE,0.7,COMPLETE
184,0.930283224,24:11.2,31:52.4,0 days 00:07:41.167741,,0.9,0.002336682,0.995,,,FALSE,0.3,,0.000647606,TRUE,0.7,COMPLETE
199,0.926579521,05:54.0,12:05.5,0 days 00:06:11.507590,0.6,0.8,0.000521993,0.99,,TRUE,FALSE,0.3,,1.31E-05,FALSE,0.7,COMPLETE
11,0.916339869,00:14.7,07:22.2,0 days 00:07:07.502551,,0.8,1.03E-05,0.8,,,TRUE,0.05,0.45,0.000410453,TRUE,0.5,COMPLETE
162,0.916122004,50:44.2,55:57.1,0 days 00:05:12.963613,0.8,0.9,0.000526192,0.8,,FALSE,FALSE,0.25,,1.01E-05,FALSE,0.7,COMPLETE
166,0.914814815,17:03.6,21:44.1,0 days 00:04:40.447666,0.5,0.6,0.001567432,0.8,,FALSE,FALSE,0.25,,8.76E-05,FALSE,0.6,COMPLETE
9,0.909368192,45:49.9,52:51.6,0 days 00:07:01.659544,,0.4,0.000144207,0.99,,,TRUE,0.05,0.15,0.015590801,TRUE,0.5,COMPLETE
8,0.897385621,39:00.0,45:49.9,0 days 00:06:49.847906,,0.9,2.50E-05,0.9,,,FALSE,0.1,,0.034080827,TRUE,0.5,COMPLETE
186,0.744662309,39:17.9,44:40.8,0 days 00:05:22.983934,0.3,0.8,0.00937366,0.995,batch,FALSE,FALSE,0.3,,0.000197547,FALSE,0.7,COMPLETE
168,0.709803922,28:47.6,35:42.6,0 days 00:06:55.039698,,0.8,6.24E-05,0.8,,,FALSE,0.15,,0.430799573,TRUE,0.6,COMPLETE
6,0.496732026,27:06.1,32:05.2,0 days 00:04:59.128557,0.1,0.6,0.005168471,0.99,layer,FALSE,FALSE,0.15,,0.046059261,FALSE,0.5,COMPLETE
198,0.490196078,57:53.4,05:54.0,0 days 00:08:00.542346,,0.6,0.001895862,0.995,,,FALSE,0.25,,0.065663099,TRUE,0.7,COMPLETE
165,0.458169935,09:43.8,17:03.6,0 days 00:07:19.734049,,0.8,0.009094166,0.995,,,FALSE,0.1,,0.000187099,TRUE,0.7,COMPLETE
7,0.350544662,32:05.3,39:00.0,0 days 00:06:54.710562,,0.3,0.001954876,0.99,,,TRUE,0.3,0.45,0.561178517,TRUE,0.6,COMPLETE
197,0.255555556,50:14.4,57:53.4,0 days 00:07:38.978923,,0.4,0.00681887,0.995,,,FALSE,0.3,,0.000423035,TRUE,0.7,COMPLETE
0,,01:06.7,01:13.2,0 days 00:00:06.548169,,0.6,0.00070398,0.8,,,TRUE,0.05,0.05,0.004133854,TRUE,0.7,FAIL
2,,06:22.2,06:28.5,0 days 00:00:06.284335,0.25,0.6,7.15E-05,0.99,layer,TRUE,TRUE,0.15,0.35,0.000139121,FALSE,0.7,FAIL
12,,07:22.3,07:27.7,0 days 00:00:05.463054,0.35,0.7,0.000581739,0.8,batch,TRUE,FALSE,0,,1.01E-05,FALSE,0.7,FAIL
13,,07:27.8,07:34.6,0 days 00:00:06.768035,0.35,0.7,0.00069103,0.8,batch,TRUE,FALSE,0,,0.000117187,FALSE,0.7,FAIL
14,,07:34.6,07:41.7,0 days 00:00:07.053375,0.35,0.7,0.000668065,0.8,batch,TRUE,FALSE,0,,0.000169335,FALSE,0.7,FAIL
15,,07:41.8,07:49.6,0 days 00:00:07.777547,0.25,0.7,0.000544026,0.8,,FALSE,FALSE,0,,0.000145283,FALSE,0.7,FAIL
16,,07:49.6,07:57.1,0 days 00:00:07.461667,0.25,0.7,0.00059932,0.8,batch,TRUE,FALSE,0,,0.000117947,FALSE,0.7,FAIL
17,,07:57.2,08:03.1,0 days 00:00:05.985949,0.3,0.7,0.00059053,0.8,batch,TRUE,FALSE,0,,1.13E-05,FALSE,0.7,FAIL
18,,08:03.2,08:09.1,0 days 00:00:05.896085,0.35,0.7,0.000614913,0.8,,TRUE,FALSE,0,,1.04E-05,FALSE,0.7,FAIL
19,,08:09.2,08:15.4,0 days 00:00:06.171419,0.35,0.7,0.000554467,0.8,batch,FALSE,FALSE,0,,0.000115084,FALSE,0.7,FAIL
20,,08:15.4,08:21.8,0 days 00:00:06.325404,0.35,0.7,0.000630487,0.8,batch,TRUE,FALSE,0,,0.000191895,FALSE,0.7,FAIL
21,,08:21.9,08:28.1,0 days 00:00:06.263475,0.35,0.7,0.000679693,0.8,,TRUE,FALSE,0,,0.000105679,FALSE,0.7,FAIL
22,,08:28.2,08:34.5,0 days 00:00:06.315569,0.3,0.7,0.000531536,0.8,,TRUE,FALSE,0,,0.000106058,FALSE,0.7,FAIL
23,,08:34.7,08:40.7,0 days 00:00:05.998921,0.35,0.7,0.00062394,0.8,batch,FALSE,FALSE,0,,1.19E-05,FALSE,0.7,FAIL
24,,08:40.8,08:47.3,0 days 00:00:06.457913,0.35,0.7,0.000379495,0.8,,FALSE,FALSE,0,,0.000135049,FALSE,0.7,FAIL
25,,08:47.4,08:53.6,0 days 00:00:06.251003,0.35,0.7,0.000597994,0.8,,FALSE,FALSE,0,,1.05E-05,FALSE,0.7,FAIL
26,,08:53.7,08:59.4,0 days 00:00:05.749296,0.35,0.8,0.000476281,0.8,batch,FALSE,FALSE,0,,1.10E-05,FALSE,0.7,FAIL
27,,08:59.5,09:05.6,0 days 00:00:06.058885,0.35,0.7,0.000512099,0.8,,TRUE,FALSE,0,,0.000206005,FALSE,0.7,FAIL
28,,09:05.7,09:11.8,0 days 00:00:06.127984,0.35,0.7,0.000516322,0.8,batch,FALSE,FALSE,0,,0.000142408,FALSE,0.7,FAIL
29,,09:11.9,09:17.8,0 days 00:00:05.937343,0.35,0.7,0.000604885,0.8,batch,TRUE,FALSE,0,,7.69E-05,FALSE,0.7,FAIL
30,,09:17.9,09:24.0,0 days 00:00:06.130885,0.35,0.7,0.000664625,0.8,batch,TRUE,FALSE,0,,0.000112675,FALSE,0.7,FAIL
31,,09:24.1,09:30.3,0 days 00:00:06.177183,0.35,0.7,0.000392399,0.8,,FALSE,FALSE,0,,0.000108741,FALSE,0.7,FAIL
32,,09:30.4,09:36.7,0 days 00:00:06.285213,0.35,0.7,0.000760461,0.8,batch,TRUE,FALSE,0,,1.03E-05,FALSE,0.7,FAIL
33,,09:36.8,09:43.0,0 days 00:00:06.290738,0.35,0.7,0.000667933,0.8,batch,FALSE,FALSE,0,,0.00010008,FALSE,0.7,FAIL
34,,09:43.1,09:49.5,0 days 00:00:06.334671,0.35,0.7,0.000586127,0.8,batch,FALSE,FALSE,0,,0.000152924,FALSE,0.7,FAIL
35,,09:49.6,09:56.0,0 days 00:00:06.491637,0.35,0.7,0.000516901,0.8,,TRUE,FALSE,0,,1.07E-05,FALSE,0.7,FAIL
36,,09:56.1,10:02.5,0 days 00:00:06.383391,0.35,0.7,0.000884615,0.8,batch,FALSE,FALSE,0,,0.000125577,FALSE,0.7,FAIL
37,,10:02.6,10:08.9,0 days 00:00:06.244362,0.35,0.7,0.00058641,0.8,,TRUE,FALSE,0,,0.000115688,FALSE,0.7,FAIL
38,,10:08.9,10:15.2,0 days 00:00:06.295390,0.35,0.7,0.000623599,0.8,batch,FALSE,FALSE,0,,1.25E-05,FALSE,0.7,FAIL
39,,10:15.3,10:21.8,0 days 00:00:06.474304,0.35,0.7,0.000605951,0.8,batch,TRUE,FALSE,0,,0.000155742,FALSE,0.7,FAIL
40,,10:21.9,10:28.3,0 days 00:00:06.338916,0.35,0.7,0.000635977,0.8,batch,TRUE,FALSE,0,,0.000123855,FALSE,0.7,FAIL
41,,10:28.4,10:34.8,0 days 00:00:06.410412,0.35,0.7,0.000852951,0.8,batch,FALSE,FALSE,0,,1.12E-05,FALSE,0.7,FAIL
42,,10:34.9,10:41.5,0 days 00:00:06.662801,0.35,0.7,0.000579875,0.8,,TRUE,FALSE,0,,1.02E-05,FALSE,0.7,FAIL
43,,10:41.6,10:49.0,0 days 00:00:07.363457,0.35,0.7,0.000556862,0.8,,TRUE,FALSE,0,,0.000193238,FALSE,0.7,FAIL
44,,10:49.1,10:57.0,0 days 00:00:07.934186,0.35,0.7,0.000540634,0.8,,FALSE,FALSE,0,,9.77E-05,FALSE,0.7,FAIL
45,,10:57.1,11:04.7,0 days 00:00:07.522871,0.35,0.7,0.000668306,0.8,,TRUE,FALSE,0,,0.000139985,FALSE,0.7,FAIL
46,,11:04.8,11:12.7,0 days 00:00:07.921362,0.3,0.7,0.00065475,0.8,,TRUE,FALSE,0,,9.16E-05,FALSE,0.7,FAIL
47,,11:12.8,11:20.6,0 days 00:00:07.822666,0.35,0.7,0.000611546,0.8,batch,FALSE,FALSE,0,,0.000131378,FALSE,0.7,FAIL
48,,11:20.7,11:27.6,0 days 00:00:06.806993,0.35,0.7,0.000605366,0.8,batch,TRUE,FALSE,0,,1.05E-05,FALSE,0.7,FAIL
49,,11:27.9,11:34.8,0 days 00:00:06.939560,0.3,0.7,0.000710415,0.8,batch,FALSE,FALSE,0,,0.000218499,FALSE,0.7,FAIL
50,,11:35.0,11:42.5,0 days 00:00:07.545701,0.35,0.7,0.000585348,0.8,batch,FALSE,FALSE,0,,0.000142593,FALSE,0.7,FAIL
51,,11:42.6,11:50.6,0 days 00:00:07.975325,0.35,0.7,0.000712775,0.8,,TRUE,FALSE,0,,0.000104664,FALSE,0.7,FAIL
52,,11:50.7,11:57.9,0 days 00:00:07.229487,0.3,0.7,0.00061518,0.8,,FALSE,FALSE,0,,0.000118376,FALSE,0.7,FAIL
53,,11:58.1,12:03.9,0 days 00:00:05.830215,0.35,0.7,0.000468106,0.8,,TRUE,FALSE,0,,1.13E-05,FALSE,0.7,FAIL
54,,12:04.0,12:12.2,0 days 00:00:08.259052,0.35,0.7,0.00063277,0.8,batch,TRUE,FALSE,0,,8.68E-05,FALSE,0.7,FAIL
55,,12:12.4,12:19.2,0 days 00:00:06.796451,0.35,0.7,0.000776846,0.8,,TRUE,FALSE,0,,8.61E-05,FALSE,0.7,FAIL
56,,12:19.3,12:25.8,0 days 00:00:06.536718,0.35,0.7,0.000591377,0.8,,TRUE,FALSE,0,,8.54E-05,FALSE,0.7,FAIL
57,,12:25.9,12:31.8,0 days 00:00:05.843043,0.35,0.7,0.000721949,0.8,batch,FALSE,FALSE,0,,1.16E-05,FALSE,0.7,FAIL
58,,12:31.9,12:38.4,0 days 00:00:06.472265,0.3,0.7,0.000556288,0.8,,FALSE,FALSE,0,,1.10E-05,FALSE,0.7,FAIL
59,,12:38.5,12:44.6,0 days 00:00:06.095786,0.3,0.7,0.00085419,0.8,batch,TRUE,FALSE,0,,0.000115167,FALSE,0.7,FAIL
60,,12:44.8,12:50.7,0 days 00:00:05.915214,0.35,0.7,0.000630095,0.8,batch,FALSE,FALSE,0,,1.02E-05,FALSE,0.7,FAIL
61,,12:51.1,12:57.2,0 days 00:00:06.048810,0.35,0.7,0.000696497,0.8,batch,TRUE,FALSE,0,,1.64E-05,FALSE,0.7,FAIL
62,,12:57.3,13:04.4,0 days 00:00:07.039235,0.3,0.7,0.000544476,0.8,,FALSE,FALSE,0,,0.000118821,FALSE,0.7,FAIL
63,,13:04.5,13:13.4,0 days 00:00:08.901053,0.35,0.7,0.000621642,0.8,batch,FALSE,FALSE,0,,0.000107109,FALSE,0.7,FAIL
64,,13:13.6,13:21.6,0 days 00:00:07.992055,0.35,0.7,0.000628122,0.8,,TRUE,FALSE,0,,1.13E-05,FALSE,0.7,FAIL
65,,13:21.7,13:27.9,0 days 00:00:06.147976,0.35,0.7,0.00078024,0.8,batch,FALSE,FALSE,0,,0.000126854,FALSE,0.7,FAIL
66,,13:28.0,13:34.2,0 days 00:00:06.210355,0.35,0.7,0.000526242,0.8,batch,FALSE,FALSE,0,,1.03E-05,FALSE,0.7,FAIL
67,,13:34.4,13:40.2,0 days 00:00:05.891168,0.35,0.7,0.000626575,0.8,batch,TRUE,FALSE,0,,8.28E-05,FALSE,0.7,FAIL
68,,13:40.4,13:46.5,0 days 00:00:06.124574,0.3,0.7,0.000550879,0.8,batch,FALSE,FALSE,0,,0.000122632,FALSE,0.7,FAIL
69,,13:46.6,13:53.2,0 days 00:00:06.558726,0.35,0.7,0.00059932,0.8,batch,TRUE,FALSE,0,,0.000168435,FALSE,0.7,FAIL
70,,13:53.3,14:01.3,0 days 00:00:07.940101,0.35,0.7,0.000629273,0.8,,TRUE,FALSE,0,,0.000125432,FALSE,0.7,FAIL
71,,14:01.4,14:09.1,0 days 00:00:07.716494,0.35,0.7,0.000579911,0.8,batch,TRUE,FALSE,0,,1.01E-05,FALSE,0.7,FAIL
72,,14:09.3,14:15.8,0 days 00:00:06.518620,0.35,0.7,0.000599721,0.8,,FALSE,FALSE,0,,1.20E-05,FALSE,0.7,FAIL
73,,14:15.9,14:22.9,0 days 00:00:06.987199,0.35,0.7,0.000510781,0.8,batch,TRUE,FALSE,0,,0.000131184,FALSE,0.7,FAIL
74,,14:23.0,14:29.6,0 days 00:00:06.552002,0.35,0.7,0.00062427,0.8,,FALSE,FALSE,0,,0.000142546,FALSE,0.7,FAIL
75,,14:29.7,14:35.2,0 days 00:00:05.431975,0.35,0.7,0.000564435,0.8,,TRUE,FALSE,0,,0.000125979,FALSE,0.7,FAIL
76,,14:35.3,14:41.3,0 days 00:00:06.008790,0.35,0.7,0.000510986,0.8,,FALSE,FALSE,0,,1.08E-05,FALSE,0.7,FAIL
77,,14:41.5,14:47.5,0 days 00:00:06.004095,0.35,0.7,0.000622946,0.8,,TRUE,FALSE,0,,1.07E-05,FALSE,0.7,FAIL
78,,14:47.6,14:53.4,0 days 00:00:05.781793,0.35,0.7,0.000616414,0.8,batch,TRUE,FALSE,0,,0.00014023,FALSE,0.7,FAIL
79,,14:53.5,14:59.4,0 days 00:00:05.870565,0.3,0.7,0.000635338,0.8,,FALSE,FALSE,0,,0.000150463,FALSE,0.7,FAIL
80,,14:59.5,15:05.5,0 days 00:00:05.963635,0.35,0.7,0.000607898,0.8,batch,FALSE,FALSE,0,,0.000112261,FALSE,0.7,FAIL
81,,15:05.6,15:11.5,0 days 00:00:05.829483,0.35,0.7,0.000685576,0.8,,FALSE,FALSE,0,,0.000107438,FALSE,0.7,FAIL
82,,15:11.6,15:17.4,0 days 00:00:05.824425,0.35,0.7,0.000465668,0.8,batch,FALSE,FALSE,0,,1.20E-05,FALSE,0.7,FAIL
83,,15:17.6,15:22.5,0 days 00:00:04.921949,0.25,0.7,0.000623228,0.8,batch,TRUE,FALSE,0,,1.24E-05,FALSE,0.7,FAIL
84,,15:22.6,15:28.8,0 days 00:00:06.182546,0.3,0.7,0.000513258,0.8,,TRUE,FALSE,0,,9.70E-05,FALSE,0.7,FAIL
85,,15:29.3,15:35.4,0 days 00:00:06.049378,0.35,0.7,0.000628832,0.8,batch,TRUE,FALSE,0,,1.12E-05,FALSE,0.7,FAIL
86,,15:35.5,15:41.4,0 days 00:00:05.934527,0.35,0.8,0.000432458,0.8,batch,FALSE,FALSE,0,,9.86E-05,FALSE,0.7,FAIL
87,,15:41.6,15:47.3,0 days 00:00:05.678514,0.35,0.7,0.000524772,0.8,batch,FALSE,FALSE,0.2,,8.56E-05,FALSE,0.7,FAIL
88,,15:47.4,15:53.4,0 days 00:00:06.012295,0.35,0.7,0.000572466,0.8,batch,FALSE,FALSE,0,,1.06E-05,FALSE,0.7,FAIL
89,,15:53.6,15:59.4,0 days 00:00:05.864924,0.35,0.7,0.000822496,0.8,batch,FALSE,FALSE,0,,0.000140879,FALSE,0.7,FAIL
90,,15:59.6,16:05.8,0 days 00:00:06.218864,0.35,0.8,0.0007638,0.8,,FALSE,FALSE,0,,0.000123513,FALSE,0.7,FAIL
91,,16:06.0,16:12.2,0 days 00:00:06.242130,0.35,0.7,0.00065867,0.8,batch,FALSE,FALSE,0,,1.45E-05,FALSE,0.7,FAIL
92,,16:12.4,16:18.4,0 days 00:00:06.076878,0.35,0.7,0.000570756,0.8,,TRUE,FALSE,0,,0.000186381,FALSE,0.7,FAIL
93,,16:18.6,16:24.8,0 days 00:00:06.194386,0.35,0.7,0.000705047,0.8,,FALSE,FALSE,0,,0.000121749,FALSE,0.7,FAIL
94,,16:24.9,16:31.0,0 days 00:00:06.105366,0.35,0.7,0.000563066,0.8,batch,FALSE,FALSE,0,,1.08E-05,FALSE,0.7,FAIL
95,,16:31.2,16:37.3,0 days 00:00:06.080506,0.35,0.7,0.000711225,0.8,,TRUE,FALSE,0,,1.10E-05,FALSE,0.7,FAIL
96,,16:37.8,16:44.0,0 days 00:00:06.188941,0.35,0.7,0.000741378,0.8,,TRUE,FALSE,0,,0.000151571,FALSE,0.7,FAIL
97,,16:44.2,16:50.3,0 days 00:00:06.073226,0.35,0.7,0.000682386,0.8,batch,TRUE,FALSE,0,,1.02E-05,FALSE,0.7,FAIL
98,,16:50.4,16:56.7,0 days 00:00:06.291266,0.35,0.7,0.000450666,0.8,,FALSE,FALSE,0,,9.57E-05,FALSE,0.7,FAIL
99,,16:56.9,17:03.0,0 days 00:00:06.145778,0.35,0.7,0.000929783,0.8,batch,FALSE,FALSE,0,,0.000122249,FALSE,0.7,FAIL
100,,17:03.2,17:09.5,0 days 00:00:06.274666,0.35,0.7,0.000734057,0.8,batch,FALSE,FALSE,0,,8.73E-05,FALSE,0.7,FAIL
101,,17:09.6,17:15.8,0 days 00:00:06.210832,0.3,0.7,0.000523811,0.8,batch,FALSE,FALSE,0,,1.15E-05,FALSE,0.7,FAIL
102,,17:16.0,17:22.2,0 days 00:00:06.213895,0.35,0.7,0.000743129,0.8,,TRUE,FALSE,0,,9.16E-05,FALSE,0.7,FAIL
103,,17:22.4,17:28.7,0 days 00:00:06.285479,0.35,0.8,0.000481562,0.8,batch,FALSE,FALSE,0,,0.000156468,FALSE,0.7,FAIL
104,,17:28.8,17:35.4,0 days 00:00:06.541534,0.35,0.7,0.000464529,0.8,,FALSE,FALSE,0,,9.69E-05,FALSE,0.7,FAIL
105,,17:35.5,17:41.6,0 days 00:00:06.086126,0.35,0.7,0.000538432,0.8,,TRUE,FALSE,0,,0.000129339,FALSE,0.7,FAIL
106,,17:41.8,17:48.0,0 days 00:00:06.199463,0.35,0.7,0.000564776,0.8,,TRUE,FALSE,0,,1.25E-05,FALSE,0.7,FAIL
107,,17:48.2,17:55.0,0 days 00:00:06.778292,0.35,0.7,0.000714512,0.8,,TRUE,FALSE,0,,0.000103131,FALSE,0.7,FAIL
108,,17:55.1,18:01.3,0 days 00:00:06.176241,0.35,0.7,0.000684921,0.8,,TRUE,FALSE,0,,0.000115945,FALSE,0.7,FAIL
109,,18:01.5,18:07.6,0 days 00:00:06.092765,0.35,0.7,0.000731067,0.8,,FALSE,FALSE,0,,0.000131985,FALSE,0.7,FAIL
110,,18:07.8,18:13.9,0 days 00:00:06.125730,0.35,0.7,0.000665282,0.8,batch,TRUE,FALSE,0,,1.12E-05,FALSE,0.7,FAIL
111,,18:14.1,18:20.6,0 days 00:00:06.522921,0.35,0.7,0.000606296,0.8,,FALSE,FALSE,0,,9.83E-05,FALSE,0.7,FAIL
112,,18:20.8,18:27.4,0 days 00:00:06.636515,0.35,0.7,0.000440504,0.8,,TRUE,FALSE,0,,1.03E-05,FALSE,0.7,FAIL
113,,18:27.6,18:33.7,0 days 00:00:06.148265,0.35,0.7,0.000714498,0.8,,TRUE,FALSE,0,,9.00E-05,FALSE,0.7,FAIL
114,,18:33.9,18:40.1,0 days 00:00:06.137258,0.35,0.7,0.000577556,0.8,batch,TRUE,FALSE,0,,0.000143653,FALSE,0.7,FAIL
115,,18:40.3,18:46.6,0 days 00:00:06.348430,0.35,0.7,0.000658925,0.8,,FALSE,FALSE,0,,1.13E-05,FALSE,0.7,FAIL
116,,18:46.8,18:52.5,0 days 00:00:05.675473,0.35,0.7,0.000539601,0.8,,FALSE,FALSE,0,,0.000120312,FALSE,0.7,FAIL
117,,18:52.7,18:59.9,0 days 00:00:07.257117,0.35,0.7,0.000599796,0.8,batch,TRUE,FALSE,0,,0.000105202,FALSE,0.7,FAIL
118,,19:00.1,19:06.7,0 days 00:00:06.553814,0.35,0.7,0.000647723,0.8,batch,FALSE,FALSE,0,,0.000110822,FALSE,0.7,FAIL
119,,19:07.3,19:13.7,0 days 00:00:06.376578,0.35,0.7,0.000828689,0.8,batch,TRUE,FALSE,0,,1.10E-05,FALSE,0.7,FAIL
120,,19:13.9,19:20.2,0 days 00:00:06.274029,0.35,0.7,0.000729113,0.8,,FALSE,FALSE,0,,1.23E-05,FALSE,0.7,FAIL
121,,19:20.4,19:26.7,0 days 00:00:06.292373,0.35,0.7,0.000514856,0.8,batch,FALSE,FALSE,0,,0.000118344,FALSE,0.7,FAIL
122,,19:26.9,19:33.1,0 days 00:00:06.194640,0.35,0.7,0.000675414,0.8,batch,FALSE,FALSE,0,,0.000180389,FALSE,0.7,FAIL
123,,19:33.3,19:39.5,0 days 00:00:06.162487,0.35,0.7,0.000650185,0.8,batch,TRUE,FALSE,0,,1.12E-05,FALSE,0.7,FAIL
124,,19:39.7,19:45.8,0 days 00:00:06.026121,0.35,0.8,0.000590823,0.8,,TRUE,FALSE,0,,1.04E-05,FALSE,0.7,FAIL
125,,19:46.0,19:52.2,0 days 00:00:06.180456,0.35,0.7,0.000466302,0.8,batch,TRUE,FALSE,0,,0.000116468,FALSE,0.7,FAIL
126,,19:52.4,19:58.3,0 days 00:00:05.878650,0.35,0.7,0.000623405,0.8,batch,FALSE,FALSE,0,,1.02E-05,FALSE,0.7,FAIL
127,,19:58.5,20:03.1,0 days 00:00:04.573433,0.3,0.7,0.000493871,0.8,,FALSE,FALSE,0,,0.000145629,FALSE,0.7,FAIL
128,,20:03.3,20:09.4,0 days 00:00:06.033958,0.35,0.7,0.000585084,0.8,,FALSE,FALSE,0,,0.000141197,FALSE,0.7,FAIL
129,,20:09.6,20:15.5,0 days 00:00:05.894460,0.35,0.7,0.00059038,0.8,,FALSE,FALSE,0,,1.08E-05,FALSE,0.7,FAIL
130,,20:16.2,20:22.4,0 days 00:00:06.172485,0.35,0.7,0.000571695,0.8,,TRUE,FALSE,0,,0.000114967,FALSE,0.7,FAIL
131,,20:22.6,20:28.4,0 days 00:00:05.757388,0.35,0.7,0.000607028,0.8,batch,TRUE,FALSE,0,,0.000129691,FALSE,0.7,FAIL
132,,20:28.6,20:33.7,0 days 00:00:05.179946,0.35,0.7,0.000671286,0.8,,FALSE,FALSE,0,,0.00013713,FALSE,0.7,FAIL
133,,20:33.9,20:40.3,0 days 00:00:06.363073,0.35,0.7,0.000787965,0.8,batch,FALSE,FALSE,0,,0.000117972,FALSE,0.7,FAIL
134,,20:40.5,20:46.5,0 days 00:00:06.026616,0.35,0.7,0.000671385,0.8,,TRUE,FALSE,0,,8.57E-05,FALSE,0.7,FAIL
135,,20:46.7,20:52.4,0 days 00:00:05.691436,0.35,0.7,0.000546704,0.8,batch,FALSE,FALSE,0,,0.000124574,FALSE,0.7,FAIL
136,,20:52.6,20:57.4,0 days 00:00:04.857077,0.35,0.7,0.000550093,0.8,batch,TRUE,FALSE,0,,1.03E-05,FALSE,0.7,FAIL
137,,20:57.6,21:02.6,0 days 00:00:04.951722,0.35,0.7,0.000712863,0.8,,TRUE,FALSE,0,,0.000115028,FALSE,0.7,FAIL
138,,21:02.8,21:08.4,0 days 00:00:05.650236,0.3,0.7,0.00067668,0.8,batch,FALSE,FALSE,0,,0.000126852,FALSE,0.7,FAIL
139,,21:08.6,21:14.3,0 days 00:00:05.694385,0.35,0.7,0.000665871,0.8,,TRUE,FALSE,0,,1.42E-05,FALSE,0.7,FAIL
140,,21:14.5,21:20.1,0 days 00:00:05.598520,0.3,0.7,0.00062998,0.8,,FALSE,FALSE,0,,1.25E-05,FALSE,0.7,FAIL
141,,21:20.7,21:26.4,0 days 00:00:05.685829,0.35,0.8,0.000724863,0.8,batch,FALSE,FALSE,0,,1.07E-05,FALSE,0.7,FAIL
142,,21:26.6,21:32.3,0 days 00:00:05.630070,0.35,0.7,0.00054116,0.8,batch,FALSE,FALSE,0,,0.000130271,FALSE,0.7,FAIL
143,,21:32.4,21:38.0,0 days 00:00:05.571899,0.4,0.7,0.000551835,0.8,batch,TRUE,FALSE,0,,0.000141591,FALSE,0.7,FAIL
144,,21:38.2,21:43.7,0 days 00:00:05.531677,0.25,0.7,0.000793822,0.8,batch,TRUE,FALSE,0,,0.000103965,FALSE,0.7,FAIL
145,,21:43.9,21:49.5,0 days 00:00:05.572191,0.35,0.7,0.000573662,0.8,,TRUE,FALSE,0,,0.000140586,FALSE,0.7,FAIL
146,,21:49.7,21:55.2,0 days 00:00:05.464006,0.35,0.7,0.000615572,0.8,,TRUE,FALSE,0,,0.000143419,FALSE,0.7,FAIL
147,,21:55.3,22:01.1,0 days 00:00:05.774941,0.3,0.7,0.000559704,0.8,batch,FALSE,FALSE,0,,1.04E-05,FALSE,0.7,FAIL
148,,22:01.3,22:07.5,0 days 00:00:06.207187,0.35,0.7,0.000643084,0.8,,FALSE,FALSE,0,,0.000103834,FALSE,0.7,FAIL
149,,22:07.7,22:13.8,0 days 00:00:06.037135,0.35,0.7,0.000605811,0.8,,TRUE,FALSE,0,,0.00012612,FALSE,0.7,FAIL
150,,22:14.0,22:20.2,0 days 00:00:06.234473,0.3,0.7,0.000727294,0.8,batch,FALSE,FALSE,0,,1.20E-05,FALSE,0.7,FAIL
151,,22:20.4,22:26.8,0 days 00:00:06.319105,0.35,0.7,0.000649258,0.8,batch,TRUE,FALSE,0,,1.23E-05,FALSE,0.7,FAIL
152,,22:27.5,22:33.8,0 days 00:00:06.243719,0.35,0.7,0.000569668,0.8,,TRUE,FALSE,0,,9.92E-05,FALSE,0.7,FAIL
153,,22:34.0,22:39.9,0 days 00:00:05.852054,0.35,0.7,0.000570517,0.8,,TRUE,FALSE,0,,0.000119,FALSE,0.7,FAIL
154,,22:40.1,22:44.6,0 days 00:00:04.549980,0.3,0.7,0.000585935,0.8,batch,TRUE,FALSE,0,,0.000216943,FALSE,0.7,FAIL
155,,22:44.9,22:50.5,0 days 00:00:05.619942,0.35,0.7,0.000668671,0.8,,FALSE,FALSE,0,,1.04E-05,FALSE,0.7,FAIL
156,,22:50.7,22:56.3,0 days 00:00:05.572065,0.35,0.7,0.001044551,0.8,batch,TRUE,FALSE,0,,1.00E-04,FALSE,0.7,FAIL
157,,22:56.5,,,0.35,0.7,0.000374099,0.8,batch,TRUE,FALSE,0,,1.00E-05,FALSE,0.7,RUNNING
188,,52:10.9,55:14.1,0 days 00:03:03.178437,,0.4,0.001691453,0.995,,,FALSE,0.3,,1.84E-05,TRUE,0.7,FAIL
189,,55:14.2,,,,0.6,0.001727472,0.995,,,FALSE,0.3,,1.87E-05,TRUE,0.7,RUNNING
202,,28:06.8,29:24.1,0 days 00:01:17.297196,,0.9,0.002422914,0.995,,,FALSE,0.3,,0.000111652,TRUE,0.7,FAIL
