number,values_0,values_1,datetime_start,datetime_complete,duration,params_imp_type,params_isomorphic,params_kd_dropout,params_kd_lamb,params_kd_lr_power,params_kd_momentum,params_kd_norm,params_kd_residual,params_kd_scheduler,params_kd_smoothing,params_kd_warnup,params_kd_weight_decay_power,params_mpp,params_mpp_lr_power,params_mpp_scheduler,params_mpp_warnup,params_mpp_weight_decay_power,params_prune_mlp,params_prune_rate,params_prune_step,params_prune_type,params_scheduler,params_warnup,system_attrs_NSGAIISampler:generation,state
17,0.847333333,11.47346483,43:09.1,43:44.1,0 days 00:00:35.031380,group,TRUE,,0.6,3,0.995,,,FALSE,0.15,,1,TRUE,2,FALSE,,5,TRUE,0.55,1,group,TRUE,0.1,0,COMPLETE
2,0.843666667,10.94274714,34:52.2,35:25.6,0 days 00:00:33.495210,lamp,FALSE,0.5,0.1,2,0.995,layer,TRUE,TRUE,0.2,0.35,5,TRUE,5,TRUE,0.2,3,FALSE,0.6,1,base,TRUE,0.2,0,COMPLETE
43,0.843666667,11.88301544,56:45.1,57:21.4,0 days 00:00:36.311863,lamp,TRUE,,0.5,4,0.995,,,TRUE,0.05,0,2,TRUE,3,FALSE,,3,TRUE,0.5,1,bnscale,TRUE,0.25,0,COMPLETE
81,0.842666667,9.043643191,16:36.4,17:04.1,0 days 00:00:27.692173,,,0.2,0.15,4,0.995,layer,FALSE,TRUE,0.25,0.1,5,FALSE,,,,,,,,,TRUE,0.25,1,COMPLETE
57,0.840666667,9.027241217,03:49.7,04:17.3,0 days 00:00:27.636613,,,0.35,0.6,4,0.995,layer,TRUE,FALSE,0.15,,0,FALSE,,,,,,,,,TRUE,0.15,1,COMPLETE
23,0.840333333,12.47079758,46:29.9,47:08.0,0 days 00:00:38.044350,group,TRUE,,0,4,0.995,,,FALSE,0,,0,TRUE,4,TRUE,0.35,0,TRUE,0.65,4,group,TRUE,0.05,0,COMPLETE
29,0.839666667,11.78621494,49:41.3,50:17.3,0 days 00:00:36.001425,fpgm,FALSE,,0.55,4,0.99,,,TRUE,0.15,0.15,4,TRUE,5,FALSE,,2,TRUE,0.5,1,group,TRUE,0.25,0,COMPLETE
55,0.839333333,8.883744766,02:55.2,03:22.4,0 days 00:00:27.208570,,,0.3,0.4,3,0.995,layer,FALSE,TRUE,0.3,0.25,2,FALSE,,,,,,,,,TRUE,0.25,1,COMPLETE
14,0.839,10.77689562,41:32.6,42:05.6,0 days 00:00:32.955621,fpgm,FALSE,0.25,0.55,5,0.9,batch,FALSE,TRUE,0.25,0.05,2,TRUE,3,FALSE,,4,FALSE,0.55,1,base,FALSE,,0,COMPLETE
34,0.838666667,8.854366786,52:19.8,52:46.9,0 days 00:00:27.125994,,,0.1,0.25,2,0.99,,FALSE,TRUE,0.25,0,3,FALSE,,,,,,,,,TRUE,0.3,0,COMPLETE
45,0.838,9.213958922,57:48.8,58:19.1,0 days 00:00:30.328928,,,0.75,0.7,4,0.99,layer,TRUE,TRUE,0.15,0.25,4,FALSE,,,,,,,,,TRUE,0.2,0,COMPLETE
76,0.837666667,9.8698782,13:46.9,14:17.1,0 days 00:00:30.171061,,,0.4,0.6,4,0.995,layer,TRUE,TRUE,0,0.3,0,FALSE,,,,,,,,,TRUE,0,1,COMPLETE
50,0.837333333,11.87885092,00:24.3,01:00.5,0 days 00:00:36.266128,group,TRUE,,0.9,4,0.9,,,TRUE,0.05,0.25,2,TRUE,4,TRUE,0.35,4,TRUE,0.7,5,group,TRUE,0.4,1,COMPLETE
73,0.837333333,12.02719284,12:02.8,12:39.5,0 days 00:00:36.710161,group,TRUE,,0.9,4,0.9,,,TRUE,0.05,0.5,2,TRUE,2,FALSE,,4,TRUE,0.55,5,bnscale,TRUE,0.2,1,COMPLETE
5,0.837,10.94310689,36:39.3,37:12.7,0 days 00:00:33.459415,group,TRUE,0.2,0.7,4,0.99,layer,TRUE,TRUE,0.3,0.2,1,TRUE,3,FALSE,,2,FALSE,0.65,1,group,FALSE,,0,COMPLETE
68,0.837,11.13752172,09:34.6,10:08.7,0 days 00:00:34.053985,fpgm,FALSE,0.6,0.9,3,0.9,layer,TRUE,TRUE,0.05,0.05,3,TRUE,3,FALSE,,0,FALSE,0.5,1,group,TRUE,0.15,1,COMPLETE
59,0.836666667,11.66845819,04:50.3,05:25.9,0 days 00:00:35.628585,lamp,TRUE,,0.15,4,0.9,,,FALSE,0.3,,2,TRUE,5,TRUE,0.5,2,TRUE,0.55,3,base,FALSE,,1,COMPLETE
52,0.836333333,8.816394194,01:27.9,01:54.9,0 days 00:00:27.006039,,,0.15,0.9,2,0.99,layer,FALSE,TRUE,0.05,0.5,2,FALSE,,,,,,,,,TRUE,0.15,1,COMPLETE
22,0.836,11.0140555,45:56.2,46:29.9,0 days 00:00:33.690580,group,TRUE,0.25,0.4,5,0.995,layer,TRUE,FALSE,0.25,,2,TRUE,2,TRUE,0.45,5,FALSE,0.75,5,base,FALSE,,0,COMPLETE
32,0.834666667,11.72094908,51:17.4,51:53.2,0 days 00:00:35.756335,group,FALSE,,0.25,4,0.995,,,FALSE,0.2,,0,TRUE,4,TRUE,0.25,0,TRUE,0.5,5,bnscale,FALSE,,0,COMPLETE
94,0.834333333,11.16043306,23:21.8,23:55.9,0 days 00:00:34.077233,fpgm,FALSE,,0.6,3,0.99,,,FALSE,0.05,,1,TRUE,4,FALSE,,2,TRUE,0.85,3,bnscale,TRUE,0.2,1,COMPLETE
8,0.834333333,8.820441926,38:15.8,38:42.8,0 days 00:00:27.021397,,,0.5,0.6,3,0.995,,FALSE,TRUE,0.15,0,3,FALSE,,,,,,,,,TRUE,0.2,0,COMPLETE
38,0.834333333,9.00948561,54:15.2,54:42.8,0 days 00:00:27.613261,,,0.25,0.35,3,0.9,,TRUE,TRUE,0.3,0.05,5,FALSE,,,,,,,,,TRUE,0.3,0,COMPLETE
6,0.834,8.993968139,37:12.8,37:40.3,0 days 00:00:27.521747,,,0.65,0.9,2,0.99,layer,FALSE,TRUE,0.3,0.3,5,FALSE,,,,,,,,,FALSE,,0,COMPLETE
69,0.834,9.435341761,10:08.7,10:37.6,0 days 00:00:28.874614,,,0.7,0.6,5,0.995,layer,TRUE,TRUE,0.25,0.1,3,FALSE,,,,,,,,,FALSE,,1,COMPLETE
82,0.833,12.10062627,17:04.1,17:41.1,0 days 00:00:36.939638,lamp,FALSE,,0.55,4,0.9,,,TRUE,0.15,0.4,4,TRUE,5,TRUE,0.05,0,TRUE,0.75,5,bnscale,TRUE,0.2,1,COMPLETE
31,0.832666667,8.792996689,50:50.5,51:17.4,0 days 00:00:26.935199,,,0.45,0.05,2,0.995,,FALSE,FALSE,0.15,,2,FALSE,,,,,,,,,FALSE,,0,COMPLETE
62,0.832666667,8.907288288,06:21.4,06:48.7,0 days 00:00:27.282375,,,0.65,0.6,3,0.995,,FALSE,TRUE,0,0.45,3,FALSE,,,,,,,,,TRUE,0.4,1,COMPLETE
39,0.832,8.56047499,54:42.9,55:09.1,0 days 00:00:26.227859,,,0.3,0.35,4,0.99,batch,FALSE,FALSE,0,,2,FALSE,,,,,,,,,FALSE,,0,COMPLETE
75,0.832,9.576008923,13:17.6,13:46.9,0 days 00:00:29.263732,,,0.65,0.05,2,0.995,,FALSE,FALSE,0.15,,2,FALSE,,,,,,,,,FALSE,,1,COMPLETE
12,0.832,11.8399596,40:28.7,41:04.9,0 days 00:00:36.129585,fpgm,FALSE,,0.75,4,0.9,,,TRUE,0.1,0.05,1,TRUE,2,FALSE,,5,TRUE,0.55,3,bnscale,TRUE,0.25,0,COMPLETE
7,0.831,11.60686596,37:40.3,38:15.7,0 days 00:00:35.437407,group,FALSE,,0.05,4,0.9,,,FALSE,0,,5,TRUE,3,TRUE,0.45,4,TRUE,0.65,5,group,TRUE,0.35,0,COMPLETE
51,0.831,8.930448849,01:00.5,01:27.9,0 days 00:00:27.376325,,,0.15,0.5,4,0.995,batch,TRUE,TRUE,0,0.1,2,FALSE,,,,,,,,,TRUE,0.1,1,COMPLETE
70,0.83,9.301548565,10:37.6,11:06.1,0 days 00:00:28.469260,,,0.1,0.25,2,0.9,batch,TRUE,TRUE,0.3,0.1,0,FALSE,,,,,,,,,TRUE,0.5,1,COMPLETE
90,0.829666667,8.357922485,21:34.4,22:00.0,0 days 00:00:25.658158,,,0.6,0.8,3,0.99,layer,TRUE,FALSE,0,,2,FALSE,,,,,,,,,FALSE,,1,COMPLETE
60,0.829333333,9.272853359,05:26.0,05:54.3,0 days 00:00:28.378011,,,0.4,0.9,2,0.99,batch,TRUE,TRUE,0.25,0.35,1,FALSE,,,,,,,,,TRUE,0,1,COMPLETE
98,0.829,10.72354268,25:21.2,25:54.0,0 days 00:00:32.828753,lamp,TRUE,0.1,0.05,4,0.99,layer,FALSE,TRUE,0.05,0.5,3,TRUE,3,TRUE,0.2,2,FALSE,0.75,5,group,TRUE,0,1,COMPLETE
3,0.828333333,12.22456945,35:25.7,36:02.9,0 days 00:00:37.263305,group,TRUE,,0.4,3,0.99,,,FALSE,0.3,,3,TRUE,4,FALSE,,2,TRUE,0.9,3,base,FALSE,,0,COMPLETE
74,0.828333333,12.49589042,12:39.5,13:17.6,0 days 00:00:38.112664,group,FALSE,,0.7,4,0.99,,,TRUE,0.3,0.2,1,TRUE,3,TRUE,0.1,0,TRUE,0.85,2,bnscale,FALSE,,1,COMPLETE
95,0.828333333,8.604612716,23:55.9,24:22.3,0 days 00:00:26.377712,,,0.2,0.1,2,0.995,batch,FALSE,TRUE,0.2,0.05,5,FALSE,,,,,,,,,TRUE,0.1,1,COMPLETE
53,0.828,8.955623278,01:55.0,02:22.4,0 days 00:00:27.432580,,,0.25,0.3,3,0.99,,TRUE,TRUE,0.1,0.3,5,FALSE,,,,,,,,,FALSE,,1,COMPLETE
87,0.827666667,11.01252487,19:59.9,20:33.6,0 days 00:00:33.673531,group,FALSE,0.75,0.9,4,0.9,layer,FALSE,FALSE,0.05,,2,TRUE,3,FALSE,,4,FALSE,0.8,3,group,TRUE,0.5,1,COMPLETE
19,0.827666667,8.476043892,44:20.6,44:46.7,0 days 00:00:26.032072,,,0.7,0.8,2,0.995,,FALSE,TRUE,0,0.4,5,FALSE,,,,,,,,,TRUE,0.1,0,COMPLETE
37,0.827666667,9.057647248,53:47.5,54:15.2,0 days 00:00:27.725117,,,0.3,0.3,3,0.995,batch,FALSE,TRUE,0.2,0.3,5,FALSE,,,,,,,,,FALSE,,0,COMPLETE
91,0.827666667,8.416863485,22:00.1,22:25.8,0 days 00:00:25.780446,,,0.55,0,4,0.99,batch,TRUE,FALSE,0,,3,FALSE,,,,,,,,,FALSE,,1,COMPLETE
92,0.827333333,9.970880472,22:25.9,22:56.4,0 days 00:00:30.549732,lamp,FALSE,0.3,0.35,4,0.99,layer,TRUE,TRUE,0,0.35,2,TRUE,2,TRUE,0.05,5,FALSE,0.75,4,group,FALSE,,1,COMPLETE
15,0.825666667,11.69194977,42:05.6,42:41.3,0 days 00:00:35.706168,group,TRUE,,0.25,3,0.9,,,TRUE,0,0.5,5,TRUE,3,TRUE,0.25,0,TRUE,0.9,2,base,TRUE,0.45,0,COMPLETE
88,0.825666667,11.33980374,20:33.6,21:08.3,0 days 00:00:34.666723,fpgm,FALSE,,0.9,4,0.995,,,TRUE,0,0.45,5,TRUE,4,TRUE,0.05,4,TRUE,0.85,3,bnscale,TRUE,0.05,1,COMPLETE
49,0.825666667,8.942556231,59:56.8,00:24.2,0 days 00:00:27.397097,,,0.8,0.9,4,0.9,batch,FALSE,FALSE,0.05,,2,FALSE,,,,,,,,,FALSE,,0,COMPLETE
35,0.825,10.85396384,52:46.9,53:20.1,0 days 00:00:33.192908,fpgm,TRUE,0.6,0.9,3,0.995,,TRUE,FALSE,0.25,,3,TRUE,2,FALSE,,2,FALSE,0.8,1,bnscale,FALSE,,0,COMPLETE
1,0.824666667,12.11709535,34:15.2,34:52.1,0 days 00:00:36.961635,group,TRUE,,0.05,2,0.99,,,FALSE,0.1,,3,TRUE,4,TRUE,0.3,3,TRUE,0.8,5,bnscale,TRUE,0.15,0,COMPLETE
20,0.824333333,11.76932528,44:46.7,45:22.6,0 days 00:00:35.914289,group,FALSE,,0.8,2,0.995,,,FALSE,0.3,,4,TRUE,4,FALSE,,4,TRUE,0.55,3,bnscale,FALSE,,0,COMPLETE
72,0.824333333,9.594474511,11:33.4,12:02.8,0 days 00:00:29.335679,,,0.4,0.1,2,0.9,batch,TRUE,TRUE,0.25,0.1,3,FALSE,,,,,,,,,FALSE,,1,COMPLETE
28,0.822333333,8.802669668,49:14.3,49:41.3,0 days 00:00:26.976484,,,0.25,0.15,4,0.995,,FALSE,TRUE,0.25,0.3,5,FALSE,,,,,,,,,FALSE,,0,COMPLETE
71,0.821666667,8.920381808,11:06.1,11:33.4,0 days 00:00:27.298712,,,0.5,0.3,2,0.995,,FALSE,TRUE,0.15,0.1,2,FALSE,,,,,,,,,FALSE,,1,COMPLETE
85,0.820666667,11.74901219,18:51.8,19:27.7,0 days 00:00:35.854201,group,FALSE,,0.05,4,0.9,,,TRUE,0,0.05,2,TRUE,2,FALSE,,1,TRUE,0.5,5,group,TRUE,0.25,1,COMPLETE
54,0.820333333,10.70073957,02:22.4,02:55.2,0 days 00:00:32.760309,fpgm,FALSE,0.2,0.6,3,0.995,layer,TRUE,FALSE,0.25,,1,TRUE,2,TRUE,0.2,1,FALSE,0.5,4,group,TRUE,0.05,1,COMPLETE
46,0.820333333,8.803023469,58:19.1,58:46.1,0 days 00:00:26.975634,,,0.15,0.15,6,0.99,batch,FALSE,TRUE,0,0.1,2,FALSE,,,,,,,,,FALSE,,0,COMPLETE
47,0.819666667,12.25152935,58:46.1,59:23.5,0 days 00:00:37.367667,lamp,TRUE,,0.85,2,0.9,,,TRUE,0.2,0.15,3,TRUE,4,FALSE,,3,TRUE,0.85,3,base,FALSE,,0,COMPLETE
44,0.818666667,8.919934782,57:21.4,57:48.8,0 days 00:00:27.324792,,,0.35,0.8,5,0.99,layer,FALSE,TRUE,0.05,0.1,2,FALSE,,,,,,,,,FALSE,,0,COMPLETE
48,0.818333333,10.86407919,59:23.5,59:56.8,0 days 00:00:33.271666,group,FALSE,0.15,0.35,5,0.99,layer,TRUE,TRUE,0.15,0.5,5,TRUE,2,FALSE,,3,FALSE,0.6,3,bnscale,FALSE,,0,COMPLETE
10,0.813666667,12.03557541,39:15.4,39:52.1,0 days 00:00:36.717225,fpgm,TRUE,,0.9,4,0.995,,,FALSE,0.05,,1,TRUE,5,TRUE,0.5,3,TRUE,0.85,1,group,FALSE,,0,COMPLETE
83,0.811333333,11.87789395,17:41.1,18:19.5,0 days 00:00:38.407149,group,FALSE,,0.8,4,0.99,,,TRUE,0,0.3,2,TRUE,3,FALSE,,3,TRUE,0.65,5,bnscale,FALSE,,1,COMPLETE
67,0.811,9.066229451,09:06.9,09:34.6,0 days 00:00:27.731342,,,0.3,0.8,4,0.995,layer,FALSE,FALSE,0.15,,0,FALSE,,,,,,,,,FALSE,,1,COMPLETE
99,0.810333333,10.88479103,25:54.0,26:27.3,0 days 00:00:33.320986,group,TRUE,0.25,0.9,2,0.99,batch,TRUE,TRUE,0.3,0.35,5,TRUE,3,FALSE,,3,FALSE,0.7,2,bnscale,TRUE,0.2,1,COMPLETE
26,0.799666667,9.304369261,48:09.5,48:38.0,0 days 00:00:28.486832,,,0.6,0.75,6,0.99,layer,FALSE,TRUE,0.15,0.3,4,FALSE,,,,,,,,,FALSE,,0,COMPLETE
41,0.799333333,8.906392341,55:42.0,56:09.3,0 days 00:00:27.268125,,,0.55,0.8,4,0.9,batch,FALSE,FALSE,0.3,,0,FALSE,,,,,,,,,FALSE,,0,COMPLETE
96,0.791666667,8.768310203,24:22.3,24:49.1,0 days 00:00:26.856942,,,0.7,0.8,4,0.9,batch,FALSE,TRUE,0.15,0.05,0,FALSE,,,,,,,,,FALSE,,1,COMPLETE
9,0.783333333,10.63342227,38:42.8,39:15.3,0 days 00:00:32.532974,group,FALSE,0.45,0.45,2,0.995,layer,FALSE,FALSE,0.05,,0,TRUE,3,TRUE,0.05,4,FALSE,0.5,4,group,TRUE,0,0,COMPLETE
42,0.780333333,11.71853579,56:09.3,56:45.1,0 days 00:00:35.752958,lamp,TRUE,,0.85,5,0.99,,,FALSE,0.3,,4,TRUE,2,TRUE,0.4,4,TRUE,0.75,1,bnscale,FALSE,,0,COMPLETE
25,0.776,9.212570663,47:41.3,48:09.5,0 days 00:00:28.235320,,,0.75,0.85,6,0.995,layer,FALSE,TRUE,0.3,0.45,4,FALSE,,,,,,,,,FALSE,,0,COMPLETE
24,0.774333333,10.86243528,47:08.0,47:41.2,0 days 00:00:33.241131,fpgm,TRUE,0.45,0.3,5,0.995,,FALSE,FALSE,0.2,,5,TRUE,4,TRUE,0.1,1,FALSE,0.6,3,group,FALSE,,0,COMPLETE
4,0.772666667,11.82591218,36:03.0,36:39.3,0 days 00:00:36.284248,group,FALSE,,0.05,5,0.995,,,TRUE,0.2,0.35,5,TRUE,5,TRUE,0.25,2,TRUE,0.8,1,group,TRUE,0.5,0,COMPLETE
93,0.756333333,8.249561882,22:56.4,23:21.8,0 days 00:00:25.321495,,,0.2,0.6,5,0.99,,FALSE,TRUE,0.15,0.45,5,FALSE,,,,,,,,,FALSE,,1,COMPLETE
13,0.716333333,9.035890234,41:04.9,41:32.6,0 days 00:00:27.673954,,,0.5,0.3,2,0.99,,TRUE,TRUE,0.05,0.4,1,FALSE,,,,,,,,,TRUE,0.3,0,COMPLETE
78,0.711666667,9.055229569,14:54.0,15:21.8,0 days 00:00:27.780545,,,0.15,0.9,4,0.9,,FALSE,FALSE,0,,2,FALSE,,,,,,,,,FALSE,,1,COMPLETE
21,0.690333333,10.97055465,45:22.6,45:56.2,0 days 00:00:33.540224,fpgm,FALSE,0.25,0.15,6,0.99,layer,TRUE,FALSE,0.15,,5,TRUE,2,TRUE,0.2,3,FALSE,0.55,5,bnscale,TRUE,0.15,0,COMPLETE
63,0.665333333,12.45723335,06:48.7,07:26.7,0 days 00:00:37.988729,lamp,FALSE,,0.9,5,0.99,,,TRUE,0.3,0.05,5,TRUE,2,FALSE,,0,TRUE,0.85,2,base,FALSE,,1,COMPLETE
16,0.638,9.067173712,42:41.3,43:09.0,0 days 00:00:27.734690,,,0.7,0.15,6,0.9,layer,TRUE,FALSE,0.05,,2,FALSE,,,,,,,,,FALSE,,0,COMPLETE
84,0.631333333,10.54593641,18:19.5,18:51.8,0 days 00:00:32.282869,lamp,TRUE,0.55,0.7,4,0.995,,FALSE,TRUE,0.05,0.2,1,TRUE,2,TRUE,0.05,1,FALSE,0.6,5,bnscale,TRUE,0.35,1,COMPLETE
11,0.621666667,11.99975813,39:52.1,40:28.7,0 days 00:00:36.620730,fpgm,TRUE,,0.3,4,0.99,,,TRUE,0.05,0.15,2,TRUE,2,FALSE,,2,TRUE,0.6,5,group,FALSE,,0,COMPLETE
89,0.604,8.489002314,21:08.3,21:34.4,0 days 00:00:26.033333,,,0.5,0.65,3,0.99,,FALSE,FALSE,0.15,,1,FALSE,,,,,,,,,TRUE,0.15,1,COMPLETE
66,0.561333333,11.00854487,08:33.2,09:06.9,0 days 00:00:33.673669,lamp,TRUE,0.6,0.3,5,0.995,layer,FALSE,TRUE,0.2,0.5,0,TRUE,4,FALSE,,4,FALSE,0.7,1,base,FALSE,,1,COMPLETE
86,0.482,10.5336666,19:27.7,19:59.9,0 days 00:00:32.207991,lamp,TRUE,0.75,0.35,6,0.99,layer,FALSE,FALSE,0,,2,TRUE,5,FALSE,,5,FALSE,0.7,5,base,FALSE,,1,COMPLETE
61,0.479666667,8.821048174,05:54.4,06:21.4,0 days 00:00:27.024575,,,0.55,0.5,2,0.99,,FALSE,TRUE,0.15,0.2,1,FALSE,,,,,,,,,TRUE,0.2,1,COMPLETE
33,0.472333333,8.656253419,51:53.2,52:19.7,0 days 00:00:26.538224,,,0.25,0.5,3,0.99,,FALSE,FALSE,0.15,,1,FALSE,,,,,,,,,TRUE,0.05,0,COMPLETE
58,0.465666667,10.74200224,04:17.3,04:50.3,0 days 00:00:32.929741,group,TRUE,0.4,0.85,6,0.9,layer,TRUE,FALSE,0.3,,2,TRUE,5,TRUE,0.3,4,FALSE,0.55,2,base,FALSE,,1,COMPLETE
36,0.447666667,8.923587529,53:20.1,53:47.5,0 days 00:00:27.326660,,,0.8,0.6,5,0.9,,TRUE,TRUE,0.1,0.25,1,FALSE,,,,,,,,,FALSE,,0,COMPLETE
30,0.433333333,10.81063044,50:17.4,50:50.4,0 days 00:00:33.090548,group,FALSE,0.4,0.4,6,0.9,layer,FALSE,FALSE,0.3,,2,TRUE,2,FALSE,,3,FALSE,0.9,4,base,TRUE,0.05,0,COMPLETE
97,0.431,10.43672826,24:49.2,25:21.1,0 days 00:00:31.967695,group,TRUE,0.6,0.05,2,0.995,,FALSE,TRUE,0.3,0.45,1,TRUE,5,TRUE,0.1,5,FALSE,0.85,3,bnscale,FALSE,,1,COMPLETE
27,0.430666667,11.87814345,48:38.0,49:14.3,0 days 00:00:36.283586,group,FALSE,,0.4,5,0.99,,,TRUE,0,0.45,2,TRUE,3,FALSE,,2,TRUE,0.8,4,base,TRUE,0,0,COMPLETE
18,0.393666667,11.95716605,43:44.1,44:20.6,0 days 00:00:36.501023,lamp,FALSE,,0.25,2,0.995,,,FALSE,0.15,,0,TRUE,4,TRUE,0.45,1,TRUE,0.85,3,bnscale,FALSE,,0,COMPLETE
79,0.358333333,11.69263096,15:21.8,15:57.5,0 days 00:00:35.696227,fpgm,FALSE,,0.4,6,0.9,,,FALSE,0.2,,5,TRUE,2,TRUE,0.35,1,TRUE,0.7,2,group,TRUE,0.4,1,COMPLETE
65,0.356333333,11.03873048,07:59.4,08:33.2,0 days 00:00:33.788182,group,FALSE,0.7,0.25,5,0.9,,TRUE,TRUE,0.1,0.25,1,TRUE,5,TRUE,0.3,1,FALSE,0.55,1,group,TRUE,0,1,COMPLETE
40,0.353666667,10.75774434,55:09.1,55:42.0,0 days 00:00:32.905486,group,TRUE,0.35,0.85,6,0.9,,TRUE,FALSE,0.2,,3,TRUE,2,TRUE,0,4,FALSE,0.85,1,base,FALSE,,0,COMPLETE
0,0.328333333,9.462588602,33:46.2,34:15.1,0 days 00:00:28.959115,,,0.4,0.3,3,0.99,,TRUE,FALSE,0.2,,0,FALSE,,,,,,,,,FALSE,,0,COMPLETE
56,0.310333333,8.90114279,03:22.4,03:49.7,0 days 00:00:27.232166,,,0.65,0.6,4,0.995,,TRUE,FALSE,0.15,,0,FALSE,,,,,,,,,FALSE,,1,COMPLETE
64,0.280666667,10.65967619,07:26.7,07:59.3,0 days 00:00:32.630553,fpgm,TRUE,0.2,0,4,0.995,,FALSE,FALSE,0,,0,TRUE,3,FALSE,,2,FALSE,0.65,3,group,TRUE,0.4,1,COMPLETE
77,0.258666667,12.08306314,14:17.1,14:54.0,0 days 00:00:36.883075,group,FALSE,,0.15,6,0.99,,,FALSE,0.15,,5,TRUE,3,FALSE,,2,TRUE,0.8,3,base,TRUE,0.4,1,COMPLETE
80,0.243666667,12.75078624,15:57.6,16:36.4,0 days 00:00:38.857968,group,FALSE,,0.85,6,0.9,,,FALSE,0.2,,3,TRUE,2,FALSE,,2,TRUE,0.7,3,bnscale,FALSE,,1,COMPLETE
