number,value,datetime_start,datetime_complete,duration,params_feat_loss,params_reset,params_temperature,state,params_prune_rate,params_momentum,params_momentum,params_kd_lr,params_kd_weight_decay,params_lamb,params_alpha,params_kd_warmup,params_kd_scheduler,params_kd_T_0,params_label_smoothing
99,0.9640130861504908,2025-05-18 07:41:39.998708,2025-05-18 07:42:34.871120,0 days 00:00:54.872412,mse,False,,COMPLETE,0.6,0.99,0.99,1.2636108560345787e-05,3.3146563533288e-05,1.5,0.25,0.05,False,,0.1
111,0.9637404580152672,2025-05-18 07:53:35.355291,2025-05-18 07:54:24.321689,0 days 00:00:48.966398,mse,False,,COMPLETE,0.6,0.99,0.99,1.8269436237171153e-05,4.437317061544316e-05,1.5,0.25,0.05,False,,0.1
121,0.9636495819701927,2025-05-18 08:02:37.918430,2025-05-18 08:03:32.459965,0 days 00:00:54.541535,mse,False,,COMPLETE,0.6,0.99,0.99,1.4331851693502161e-05,5.732950513850949e-05,1.25,0.25,0.05,False,,0.15000000000000002
115,0.9636495819701927,2025-05-18 07:57:10.364798,2025-05-18 07:57:56.149710,0 days 00:00:45.784912,mse,False,,COMPLETE,0.6,0.99,0.99,2.389030670590255e-05,9.150066324245643e-05,1.5,0.25,0.05,False,,0.15000000000000002
124,0.9635587059251183,2025-05-18 08:05:21.936649,2025-05-18 08:06:11.638754,0 days 00:00:49.702105,mse,False,,COMPLETE,0.6,0.99,0.99,1.740226017164543e-05,0.00019375450578903937,1.5,0.25,0.05,False,,0.15000000000000002
53,0.9635587059251182,2025-05-18 06:57:45.047266,2025-05-18 06:58:25.046079,0 days 00:00:39.998813,mse,False,,COMPLETE,0.6,0.9,0.9,4.238342473552403e-05,0.00019285249837938716,4.0,0.25,0.05,False,,0.2
103,0.9635587059251182,2025-05-18 07:45:42.839137,2025-05-18 07:46:41.379635,0 days 00:00:58.540498,mse,False,,COMPLETE,0.6,0.99,0.99,1.0320253748305253e-05,9.853294710746286e-05,1.75,0.25,0.05,False,,0.1
95,0.9635587059251182,2025-05-18 07:38:02.933150,2025-05-18 07:39:01.434610,0 days 00:00:58.501460,mse,False,,COMPLETE,0.6,0.99,0.99,1.2350594622495697e-05,9.962318241310358e-05,1.25,0.25,0.05,False,,0.1
13,0.9635587059251182,2025-05-18 06:24:43.119035,2025-05-18 06:25:20.379673,0 days 00:00:37.260638,mse,False,,COMPLETE,0.6,0.99,0.99,8.333511836014128e-05,0.0004505465042148851,1.5,0.0,0.0,True,90.0,0.05
94,0.9634678298800438,2025-05-18 07:37:05.589389,2025-05-18 07:38:02.894156,0 days 00:00:57.304767,mse,False,,COMPLETE,0.6,0.9,0.9,1.2634717384337316e-05,9.74300330904145e-05,1.25,0.25,0.05,False,,0.1
34,0.9634678298800438,2025-05-18 06:41:18.735190,2025-05-18 06:41:59.685089,0 days 00:00:40.949899,mse,False,,COMPLETE,0.6,0.99,0.99,4.699159711034368e-05,0.00014953510586210298,2.75,0.0,0.1,False,,0.25
105,0.9634678298800438,2025-05-18 07:47:39.642390,2025-05-18 07:48:40.068910,0 days 00:01:00.426520,mse,False,,COMPLETE,0.6,0.99,0.99,1.0002508388244172e-05,1.2145236026776768e-05,1.75,0.25,0.05,False,,0.1
75,0.9634678298800435,2025-05-18 07:17:45.814124,2025-05-18 07:18:38.683062,0 days 00:00:52.868938,mse,False,,COMPLETE,0.6,0.995,0.995,1.601716625160103e-05,0.0001570766992005,1.0,0.25,0.05,False,,0.05
104,0.9634678298800435,2025-05-18 07:46:41.421603,2025-05-18 07:47:39.604293,0 days 00:00:58.182690,mse,False,,COMPLETE,0.6,0.99,0.99,1.1041892955701682e-05,8.389090064367249e-05,1.75,0.25,0.05,False,,0.1
68,0.9633769538349691,2025-05-18 07:11:14.212011,2025-05-18 07:12:16.505939,0 days 00:01:02.293928,mse,False,,COMPLETE,0.6,0.9,0.9,1.0558687284650335e-05,0.0011240078694330156,1.5,0.25,0.05,False,,0.15000000000000002
96,0.9632860777898946,2025-05-18 07:39:01.472460,2025-05-18 07:40:01.982860,0 days 00:01:00.510400,mse,False,,COMPLETE,0.6,0.99,0.99,1.1802039935191652e-05,0.00011290526746247599,1.25,0.25,0.05,False,,0.1
71,0.9632860777898946,2025-05-18 07:14:15.069280,2025-05-18 07:15:03.444467,0 days 00:00:48.375187,mse,False,,COMPLETE,0.6,0.9,0.9,2.022658514805076e-05,0.0011176995744420649,1.5,0.25,0.05,False,,0.1
33,0.9631952017448201,2025-05-18 06:40:36.793555,2025-05-18 06:41:18.688311,0 days 00:00:41.894756,mse,False,,COMPLETE,0.6,0.99,0.99,4.46946377101236e-05,0.00010482954668929368,3.5,0.0,0.15,False,,0.25
76,0.9631952017448201,2025-05-18 07:18:38.721209,2025-05-18 07:19:25.966589,0 days 00:00:47.245380,cwd,False,2.75,COMPLETE,0.6,0.995,0.995,3.040931972639545e-05,0.00010939711633667702,0.75,0.25,0.1,False,,0.05
42,0.9631043256997457,2025-05-18 06:48:26.037253,2025-05-18 06:49:15.443934,0 days 00:00:49.406681,mse,False,,COMPLETE,0.6,0.9,0.9,1.4670519032157377e-05,0.0004173530907679707,4.5,0.25,0.05,False,,0.2
82,0.9631043256997455,2025-05-18 07:24:16.839692,2025-05-18 07:26:07.253733,0 days 00:01:50.414041,mse,False,,COMPLETE,0.6,0.995,0.995,1.2809437543558179e-05,0.00038672579917961385,1.0,0.25,0.0,False,,0.1
51,0.9631043256997455,2025-05-18 06:56:03.570528,2025-05-18 06:56:50.790778,0 days 00:00:47.220250,mse,False,,COMPLETE,0.6,0.9,0.9,1.6098301818129307e-05,0.0003223384845791477,4.25,0.0,0.05,False,,0.25
77,0.9631043256997455,2025-05-18 07:19:26.005692,2025-05-18 07:20:04.778705,0 days 00:00:38.773013,cwd,False,2.75,COMPLETE,0.6,0.995,0.995,0.00012629041866265168,3.5693580096152055e-05,0.75,0.5,0.1,False,,0.05
122,0.9630134496546711,2025-05-18 08:03:32.497841,2025-05-18 08:04:23.873127,0 days 00:00:51.375286,mse,False,,COMPLETE,0.6,0.99,0.99,1.5003100793250313e-05,3.983957314126316e-05,1.25,0.0,0.05,False,,0.15000000000000002
54,0.963013449654671,2025-05-18 06:58:25.084400,2025-05-18 06:59:04.671531,0 days 00:00:39.587131,mse,False,,COMPLETE,0.6,0.9,0.9,4.021103429346247e-05,0.0008524770225337963,4.0,0.25,0.05,False,,0.2
57,0.963013449654671,2025-05-18 07:01:04.838658,2025-05-18 07:02:43.201605,0 days 00:01:38.362947,cwd,False,2.0,COMPLETE,0.6,0.9,0.9,1.458227124197425e-05,0.0006855042039947424,2.0,0.75,0.0,False,,0.15000000000000002
86,0.9629225736095965,2025-05-18 07:29:02.686165,2025-05-18 07:29:45.700043,0 days 00:00:43.013878,mse,False,,COMPLETE,0.6,0.99,0.99,3.4124755567554805e-05,6.977535514883005e-05,1.0,0.25,0.1,False,,0.0
112,0.9629225736095965,2025-05-18 07:54:24.363551,2025-05-18 07:55:14.131541,0 days 00:00:49.767990,mse,False,,COMPLETE,0.6,0.99,0.99,1.7107881015433104e-05,4.3565773562629894e-05,1.75,0.25,0.05,False,,0.1
22,0.9629225736095965,2025-05-18 06:32:38.389111,2025-05-18 06:33:13.447455,0 days 00:00:35.058344,mse,False,,COMPLETE,0.6,0.99,0.99,0.00027093344664362834,7.942310136422414e-05,3.75,0.5,0.15,False,,0.25
88,0.9629225736095965,2025-05-18 07:30:49.513054,2025-05-18 07:31:28.843659,0 days 00:00:39.330605,mse,False,,COMPLETE,0.6,0.995,0.995,6.140308651445524e-05,0.0015219163013775875,2.25,0.0,0.1,True,150.0,0.15000000000000002
41,0.9629225736095964,2025-05-18 06:47:39.619087,2025-05-18 06:48:25.999114,0 days 00:00:46.380027,mse,False,,COMPLETE,0.6,0.9,0.9,1.689057246682374e-05,0.00045407414422243185,4.25,0.0,0.05,False,,0.25
85,0.962831697564522,2025-05-18 07:28:15.283611,2025-05-18 07:29:02.646665,0 days 00:00:47.363054,mse,False,,COMPLETE,0.6,0.995,0.995,2.391913287937686e-05,4.814613468066433e-05,1.75,0.0,0.15,False,,0.05
43,0.962831697564522,2025-05-18 06:49:15.482310,2025-05-18 06:49:59.453114,0 days 00:00:43.970804,mse,False,,COMPLETE,0.6,0.9,0.9,2.3160688960155147e-05,0.0017776185723245473,5.0,0.25,0.05,False,,0.2
55,0.962831697564522,2025-05-18 06:59:04.709808,2025-05-18 06:59:45.950555,0 days 00:00:41.240747,mse,False,,COMPLETE,0.6,0.9,0.9,2.764496736653318e-05,0.00019746369181143406,3.0,0.25,0.05,False,,0.0
44,0.9627408215194476,2025-05-18 06:49:59.492541,2025-05-18 06:50:48.109188,0 days 00:00:48.616647,mse,False,,COMPLETE,0.6,0.9,0.9,4.4867898996397774e-05,0.00015931512506744684,4.5,0.5,0.0,False,,0.2
37,0.9627408215194476,2025-05-18 06:43:45.208510,2025-05-18 06:44:31.415073,0 days 00:00:46.206563,mse,False,,COMPLETE,0.6,0.9,0.9,1.7810737388808455e-05,0.0004944462532114082,4.25,0.0,0.05,False,,0.25
52,0.9627408215194476,2025-05-18 06:56:50.830683,2025-05-18 06:57:45.005333,0 days 00:00:54.174650,mse,False,,COMPLETE,0.6,0.9,0.9,1.126415450817232e-05,0.00026387281507694166,4.75,0.0,0.05,False,,0.25
38,0.9627408215194476,2025-05-18 06:44:31.456207,2025-05-18 06:45:26.871064,0 days 00:00:55.414857,cwd,False,2.0,COMPLETE,0.5,0.8,0.8,4.2091810334278005e-05,0.00020518928059005614,2.5,0.5,0.1,True,60.0,0.2
117,0.9627408215194476,2025-05-18 07:58:40.108590,2025-05-18 07:59:29.160022,0 days 00:00:49.051432,mse,False,,COMPLETE,0.6,0.99,0.99,1.8319902684878247e-05,9.59150177098398e-05,1.75,0.5,0.05,False,,0.1
114,0.9627408215194474,2025-05-18 07:56:15.944039,2025-05-18 07:57:10.324210,0 days 00:00:54.380171,mse,False,,COMPLETE,0.6,0.99,0.99,1.1824910749393091e-05,5.395807898714095e-05,2.0,0.0,0.05,False,,0.1
18,0.962649945474373,2025-05-18 06:29:53.271293,2025-05-18 06:30:31.629617,0 days 00:00:38.358324,mse,False,,COMPLETE,0.6,0.99,0.99,9.946039147586472e-05,0.0002856367154212298,3.25,0.75,0.15,False,,0.15000000000000002
67,0.962649945474373,2025-05-18 07:10:31.467988,2025-05-18 07:11:14.170820,0 days 00:00:42.702832,mse,False,,COMPLETE,0.6,0.99,0.99,7.373549455618036e-05,0.00019515688584229414,3.75,0.0,0.0,False,,0.2
63,0.9625590694292985,2025-05-18 07:07:45.200507,2025-05-18 07:08:25.565075,0 days 00:00:40.364568,mse,False,,COMPLETE,0.6,0.9,0.9,3.683333162724554e-05,0.0001288198799137905,3.25,0.25,0.05,False,,0.2
108,0.9625590694292985,2025-05-18 07:50:20.898067,2025-05-18 07:51:16.070344,0 days 00:00:55.172277,mse,False,,COMPLETE,0.6,0.99,0.99,1.3575283868786688e-05,2.7274238560732766e-05,1.75,0.0,0.05,True,120.0,0.1
81,0.9625590694292985,2025-05-18 07:23:32.296713,2025-05-18 07:24:16.800286,0 days 00:00:44.503573,cwd,False,2.5,COMPLETE,0.6,0.995,0.995,2.1393991280516957e-05,0.00011907513002202321,2.0,0.25,0.05,False,,0.0
36,0.9625590694292985,2025-05-18 06:42:43.508792,2025-05-18 06:43:45.168364,0 days 00:01:01.659572,cwd,False,5.0,COMPLETE,0.6,0.99,0.99,1.0897275501810622e-05,0.0012582442859194421,2.25,0.25,0.1,False,,0.25
65,0.9625590694292985,2025-05-18 07:09:10.662171,2025-05-18 07:09:49.089820,0 days 00:00:38.427649,mse,False,,COMPLETE,0.6,0.9,0.9,5.202754714810488e-05,0.00042121606939922977,4.5,0.5,0.05,False,,0.15000000000000002
109,0.9625590694292985,2025-05-18 07:51:16.258851,2025-05-18 07:52:06.765482,0 days 00:00:50.506631,mse,False,,COMPLETE,0.6,0.99,0.99,1.5700942535915515e-05,1.0007034457294175e-05,2.25,0.25,0.05,False,,0.1
62,0.962468193384224,2025-05-18 07:07:02.134968,2025-05-18 07:07:45.161914,0 days 00:00:43.026946,mse,False,,COMPLETE,0.6,0.9,0.9,2.833834490513552e-05,0.003094198177588528,3.5,0.0,0.05,False,,0.2
74,0.962468193384224,2025-05-18 07:16:51.430964,2025-05-18 07:17:45.772953,0 days 00:00:54.341989,mse,False,,COMPLETE,0.6,0.9,0.9,1.2737725494364845e-05,0.0005380215841743935,1.5,0.0,0.05,False,,0.1
27,0.962468193384224,2025-05-18 06:36:42.694970,2025-05-18 06:37:21.512423,0 days 00:00:38.817453,mse,False,,COMPLETE,0.6,0.99,0.99,9.468602417818923e-05,2.8469818341519245e-05,3.75,1.0,0.15,False,,0.3
101,0.962468193384224,2025-05-18 07:43:45.528710,2025-05-18 07:44:38.944144,0 days 00:00:53.415434,mse,False,,COMPLETE,0.6,0.99,0.99,1.3735161685558457e-05,5.305750988305152e-05,1.25,0.0,0.05,False,,0.1
61,0.962468193384224,2025-05-18 07:06:21.850276,2025-05-18 07:07:02.094919,0 days 00:00:40.244643,mse,False,,COMPLETE,0.6,0.9,0.9,3.745594588303623e-05,0.0008982778282048287,4.0,0.25,0.05,False,,0.2
91,0.962468193384224,2025-05-18 07:34:34.616910,2025-05-18 07:35:25.382390,0 days 00:00:50.765480,mse,False,,COMPLETE,0.6,0.9,0.9,1.61210472405757e-05,0.000333895211059845,1.75,0.0,0.05,False,,0.25
100,0.9623773173391493,2025-05-18 07:42:34.910155,2025-05-18 07:43:45.489555,0 days 00:01:10.579400,mse,True,,COMPLETE,0.6,0.99,0.99,1.197896003838674e-05,3.68670916550491e-05,1.5,0.25,0.05,False,,0.1
116,0.9623773173391493,2025-05-18 07:57:56.189049,2025-05-18 07:58:40.066097,0 days 00:00:43.877048,mse,False,,COMPLETE,0.6,0.99,0.99,2.4028927644505628e-05,3.181245282131848e-05,1.75,0.0,0.05,False,,0.1
92,0.9623773173391493,2025-05-18 07:35:25.423796,2025-05-18 07:36:12.172697,0 days 00:00:46.748901,mse,False,,COMPLETE,0.6,0.9,0.9,1.6559943374110676e-05,0.0002347482201022254,4.25,0.0,0.05,False,,0.3
25,0.9623773173391493,2025-05-18 06:34:45.157463,2025-05-18 06:35:30.483278,0 days 00:00:45.325815,mse,False,,COMPLETE,0.6,0.99,0.99,2.6030261308010135e-05,0.00013676356077124805,2.75,0.5,0.1,False,,0.2
32,0.9622864412940748,2025-05-18 06:39:57.882194,2025-05-18 06:40:36.754177,0 days 00:00:38.871983,mse,False,,COMPLETE,0.6,0.99,0.99,8.345066870151042e-05,2.9727328183112568e-05,5.0,1.0,0.15,False,,0.3
20,0.9621955652490004,2025-05-18 06:31:22.630827,2025-05-18 06:32:00.588327,0 days 00:00:37.957500,mse,False,,COMPLETE,0.6,0.99,0.99,0.00011841599524573376,6.814309821973368e-05,4.0,0.75,0.15,False,,0.25
35,0.9621955652490004,2025-05-18 06:41:59.727858,2025-05-18 06:42:43.467745,0 days 00:00:43.739887,mse,False,,COMPLETE,0.6,0.99,0.99,3.2381297043898105e-05,0.00011965823268817049,2.75,0.0,0.1,False,,0.25
123,0.9621955652490004,2025-05-18 08:04:23.914007,2025-05-18 08:05:21.892953,0 days 00:00:57.978946,mse,False,,COMPLETE,0.6,0.99,0.99,1.2954272547534055e-05,6.0906777623776565e-05,1.25,0.5,0.05,False,,0.15000000000000002
106,0.9621955652490004,2025-05-18 07:48:40.429508,2025-05-18 07:49:44.766727,0 days 00:01:04.337219,mse,False,,COMPLETE,0.6,0.99,0.99,1.0303164935973751e-05,1.2979395943737943e-05,2.0,0.75,0.05,False,,0.1
64,0.9621046892039259,2025-05-18 07:08:25.614248,2025-05-18 07:09:10.623770,0 days 00:00:45.009522,mse,False,,COMPLETE,0.6,0.9,0.9,2.2383029028217115e-05,0.000227695462240552,2.75,0.5,0.05,False,,0.25
83,0.9621046892039259,2025-05-18 07:26:07.293549,2025-05-18 07:27:02.786635,0 days 00:00:55.493086,mse,False,,COMPLETE,0.6,0.995,0.995,1.512356339343675e-05,0.00027004462722697255,1.5,0.5,0.05,False,,0.1
97,0.9621046892039259,2025-05-18 07:40:02.023808,2025-05-18 07:41:01.913286,0 days 00:00:59.889478,mse,False,,COMPLETE,0.6,0.99,0.99,1.1859967481576523e-05,6.91641237904237e-05,1.25,0.5,0.05,False,,0.1
46,0.9620138131588515,2025-05-18 06:51:23.214630,2025-05-18 06:53:22.074898,0 days 00:01:58.860268,cwd,False,4.0,COMPLETE,0.6,0.995,0.995,1.35135781283859e-05,0.005099108631459578,0.25,1.5,0.05,True,60.0,0.2
17,0.9620138131588515,2025-05-18 06:29:13.758472,2025-05-18 06:29:53.229865,0 days 00:00:39.471393,mse,False,,COMPLETE,0.6,0.99,0.99,5.9551679664673086e-05,0.00025963983451018495,3.0,0.75,0.0,True,120.0,0.15000000000000002
84,0.9620138131588515,2025-05-18 07:27:02.827457,2025-05-18 07:28:15.239557,0 days 00:01:12.412100,cwd,False,3.75,COMPLETE,0.6,0.99,0.99,1.0032101392284193e-05,0.0006281560129301852,0.5,0.25,0.05,False,,0.05
113,0.9620138131588513,2025-05-18 07:55:14.172116,2025-05-18 07:56:15.905656,0 days 00:01:01.733540,mse,False,,COMPLETE,0.6,0.99,0.99,1.299300128097433e-05,2.4266261291348385e-05,1.25,0.5,0.05,False,,0.1
72,0.9619229371137769,2025-05-18 07:15:03.485936,2025-05-18 07:15:58.916596,0 days 00:00:55.430660,mse,False,,COMPLETE,0.6,0.9,0.9,1.9262381662008183e-05,0.0011998613209924886,1.5,0.75,0.05,False,,0.1
66,0.9617411850236278,2025-05-18 07:09:49.131788,2025-05-18 07:10:31.427214,0 days 00:00:42.295426,mse,False,,COMPLETE,0.6,0.9,0.9,4.107150402314159e-05,0.0007206202465220662,4.0,0.75,0.1,False,,0.25
21,0.9617411850236278,2025-05-18 06:32:00.630330,2025-05-18 06:32:38.349528,0 days 00:00:37.719198,mse,False,,COMPLETE,0.6,0.99,0.99,9.347745292564762e-05,5.1173123816325214e-05,4.0,0.75,0.15,False,,0.3
87,0.9616503089785532,2025-05-18 07:29:45.737867,2025-05-18 07:30:49.472462,0 days 00:01:03.734595,mse,True,,COMPLETE,0.6,0.99,0.99,1.8810437036826993e-05,0.01010080821596679,1.25,0.5,0.05,False,,0.05
90,0.9616503089785532,2025-05-18 07:33:13.043772,2025-05-18 07:34:34.578104,0 days 00:01:21.534332,cwd,False,2.5,COMPLETE,0.6,0.99,0.99,1.1444133713769597e-05,0.00015789094629570973,0.75,0.75,0.05,False,,0.05
98,0.9615594329334787,2025-05-18 07:41:01.952777,2025-05-18 07:41:39.959561,0 days 00:00:38.006784,mse,False,,COMPLETE,0.6,0.99,0.99,8.513116440834896e-05,2.0896352037427917e-05,1.5,0.5,0.05,True,90.0,0.1
23,0.9614685568884043,2025-05-18 06:33:13.486287,2025-05-18 06:33:47.572482,0 days 00:00:34.086195,mse,False,,COMPLETE,0.6,0.99,0.99,0.0002915996721961354,0.0005788208957168195,3.0,0.0,0.1,False,,0.25
120,0.9613776808433298,2025-05-18 08:01:46.572483,2025-05-18 08:02:37.879809,0 days 00:00:51.307326,mse,True,,COMPLETE,0.6,0.99,0.99,2.317303494119073e-05,0.00015781169054021835,2.5,0.25,0.05,False,,0.1
107,0.9612868047982551,2025-05-18 07:49:44.893933,2025-05-18 07:50:20.615453,0 days 00:00:35.721520,mse,False,,COMPLETE,0.6,0.99,0.99,0.00019854943691423584,1.7476645339139643e-05,2.0,0.5,0.05,False,,0.15000000000000002
110,0.960923300617957,2025-05-18 07:52:06.809130,2025-05-18 07:53:35.314112,0 days 00:01:28.504982,mse,False,,COMPLETE,0.6,0.99,0.99,1.0166950910648623e-05,7.861602905058603e-05,1.5,2.25,0.05,False,,0.15000000000000002
15,0.9606506724827336,2025-05-18 06:26:15.041186,2025-05-18 06:27:14.969916,0 days 00:00:59.928730,mse,False,,COMPLETE,0.6,0.99,0.99,5.368794289597474e-05,1.5506462467327316e-05,1.0,2.0,0.0,True,90.0,0.05
69,0.9606506724827336,2025-05-18 07:12:16.545161,2025-05-18 07:13:36.639206,0 days 00:01:20.094045,mse,True,,COMPLETE,0.6,0.8,0.8,1.4120006185330885e-05,0.0021413870628002275,1.75,1.25,0.1,True,120.0,0.1
31,0.9606506724827334,2025-05-18 06:39:19.858848,2025-05-18 06:39:57.841897,0 days 00:00:37.983049,mse,False,,COMPLETE,0.6,0.99,0.99,9.912277171102691e-05,2.3790946093860424e-05,3.75,1.0,0.15,False,,0.3
93,0.9606506724827334,2025-05-18 07:36:12.211092,2025-05-18 07:37:05.548035,0 days 00:00:53.336943,mse,False,,COMPLETE,0.6,0.9,0.9,2.9864397084619808e-05,0.00030674790796470305,0.5,0.25,0.05,False,,0.25
118,0.960559796437659,2025-05-18 07:59:29.200839,2025-05-18 08:01:14.035804,0 days 00:01:44.834965,mse,False,,COMPLETE,0.6,0.99,0.99,1.4646682500180505e-05,7.148952661052531e-05,1.5,1.75,0.0,False,,0.15000000000000002
73,0.9604689203925845,2025-05-18 07:15:58.957129,2025-05-18 07:16:51.387441,0 days 00:00:52.430312,mse,False,,COMPLETE,0.6,0.9,0.9,2.5504124066778164e-05,0.003926108918743934,1.25,0.5,0.05,False,,0.05
89,0.9604689203925845,2025-05-18 07:31:28.883889,2025-05-18 07:33:13.003682,0 days 00:01:44.119793,mse,False,,COMPLETE,0.6,0.8,0.8,4.795722244610336e-05,0.000993923814533538,0.5,1.0,0.0,False,,0.1
102,0.9603780443475101,2025-05-18 07:44:38.983657,2025-05-18 07:45:42.798647,0 days 00:01:03.814990,mse,False,,COMPLETE,0.6,0.99,0.99,1.983904795976098e-05,0.0001475990600987796,1.0,0.5,0.05,False,,0.1
29,0.9603780443475101,2025-05-18 06:37:53.897764,2025-05-18 06:38:35.408384,0 days 00:00:41.510620,mse,False,,COMPLETE,0.6,0.8,0.8,0.0002202899614570883,0.0002836478153274672,1.25,3.25,0.1,False,,0.1
28,0.9602871683024355,2025-05-18 06:37:21.556093,2025-05-18 06:37:53.854849,0 days 00:00:32.298756,mse,False,,COMPLETE,0.6,0.9,0.9,0.0008450410333992064,8.795494701183789e-05,4.5,0.0,0.1,False,,0.15000000000000002
80,0.9602871683024355,2025-05-18 07:22:14.337054,2025-05-18 07:23:32.255555,0 days 00:01:17.918501,cwd,False,4.0,COMPLETE,0.6,0.995,0.995,2.781162979942838e-05,9.038646599493016e-05,0.75,3.75,0.1,False,,0.05
78,0.9601962922573609,2025-05-18 07:20:04.820981,2025-05-18 07:20:55.841802,0 days 00:00:51.020821,cwd,False,1.5,COMPLETE,0.6,0.995,0.995,3.284797744080767e-05,0.00012068130014541563,1.0,0.75,0.1,False,,0.0
50,0.9601962922573609,2025-05-18 06:55:19.941275,2025-05-18 06:56:03.530441,0 days 00:00:43.589166,mse,False,,COMPLETE,0.6,0.99,0.99,0.00041754081164675186,0.001913354349469017,0.75,0.0,0.0,True,60.0,0.3
59,0.9601054162122864,2025-05-18 07:04:11.538500,2025-05-18 07:04:55.561946,0 days 00:00:44.023446,mse,False,,COMPLETE,0.6,0.995,0.995,4.898690365505344e-05,0.0013694030733683922,4.5,1.5,0.05,True,60.0,0.15000000000000002
79,0.9598327880770628,2025-05-18 07:20:55.880988,2025-05-18 07:22:14.295135,0 days 00:01:18.414147,cwd,False,3.25,COMPLETE,0.6,0.995,0.995,5.529605523315757e-05,0.00017227026820891222,0.25,1.0,0.1,True,30.0,0.05
14,0.9594692838967648,2025-05-18 06:25:20.418911,2025-05-18 06:26:15.001028,0 days 00:00:54.582117,mse,True,,COMPLETE,0.6,0.99,0.99,5.991042235231508e-05,0.00015532923609318816,1.5,1.75,0.0,True,90.0,0.05
1,0.9592875318066157,2025-05-18 06:05:55.029388,2025-05-18 06:09:00.050062,0 days 00:03:05.020674,mse,True,,COMPLETE,0.5,0.99,0.99,0.00016196882081096853,0.017822573884461568,1.75,0.0,0.05,True,150.0,0.05
2,0.9590149036713922,2025-05-18 06:09:00.078303,2025-05-18 06:09:46.183278,0 days 00:00:46.104975,mse,False,,COMPLETE,0.5,0.9,0.9,0.0005366477795477742,0.0033689494175298713,2.25,0.25,0.05,True,30.0,0.1
39,0.9589240276263178,2025-05-18 06:45:26.911054,2025-05-18 06:46:06.662688,0 days 00:00:39.751634,mse,False,,COMPLETE,0.6,0.99,0.99,0.00017110004922999447,5.687667265358846e-05,3.5,5.0,0.05,False,,0.25
8,0.9589240276263178,2025-05-18 06:17:53.876561,2025-05-18 06:21:30.537829,0 days 00:03:36.661268,cwd,True,4.5,COMPLETE,0.7,0.995,0.995,2.0932865763905888e-05,4.055980811356417e-05,0.5,1.25,0.05,True,150.0,0.1
47,0.9588331515812433,2025-05-18 06:53:22.119964,2025-05-18 06:54:01.928796,0 days 00:00:39.808832,mse,False,,COMPLETE,0.5,0.99,0.99,0.0053454831157094766,4.2629691009559036e-05,3.5,0.25,0.0,False,,0.25
48,0.9588331515812433,2025-05-18 06:54:01.971159,2025-05-18 06:54:42.149047,0 days 00:00:40.177888,mse,True,,COMPLETE,0.6,0.8,0.8,0.00014362269033108962,8.723118794340798e-05,4.25,3.0,0.1,True,120.0,0.25
119,0.9587422755361686,2025-05-18 08:01:14.076795,2025-05-18 08:01:46.532826,0 days 00:00:32.456031,mse,False,,COMPLETE,0.6,0.99,0.99,0.002148209237310976,1.9720499123665146e-05,1.0,0.75,0.05,True,60.0,0.05
45,0.9586513994910941,2025-05-18 06:50:48.149317,2025-05-18 06:51:23.176137,0 days 00:00:35.026820,mse,True,,COMPLETE,0.6,0.9,0.9,0.009490398514974602,0.00039205771463678146,3.75,0.25,0.05,False,,0.1
56,0.958469647400945,2025-05-18 06:59:45.988761,2025-05-18 07:01:04.795436,0 days 00:01:18.806675,mse,True,,COMPLETE,0.6,0.9,0.9,1.7671332133614645e-05,0.00034482698906826073,4.25,4.5,0.05,True,90.0,0.05
24,0.9583787713558705,2025-05-18 06:33:47.610473,2025-05-18 06:34:45.115241,0 days 00:00:57.504768,mse,False,,COMPLETE,0.6,0.99,0.99,0.0011769437350565052,0.0007654747177700762,3.5,1.25,0.15,False,,0.15000000000000002
4,0.957924391130498,2025-05-18 06:11:33.785251,2025-05-18 06:12:28.521263,0 days 00:00:54.736012,cwd,False,0.5,COMPLETE,0.5,0.8,0.8,0.008908349080365568,0.0002885649577550859,0.0,3.5,0.05,True,30.0,0.2
11,0.9577426390403488,2025-05-18 06:23:18.059168,2025-05-18 06:24:00.245465,0 days 00:00:42.186297,mse,False,,COMPLETE,0.5,0.9,0.9,0.0005517729450375589,0.015887170472936515,2.25,0.25,0.0,True,90.0,0.0
40,0.9574700109051255,2025-05-18 06:46:06.700919,2025-05-18 06:47:39.577466,0 days 00:01:32.876547,cwd,True,1.75,COMPLETE,0.5,0.995,0.995,3.281134157039302e-05,9.449919242478066e-05,1.75,4.0,0.1,True,120.0,0.3
3,0.9571065067248273,2025-05-18 06:09:46.222405,2025-05-18 06:11:33.744457,0 days 00:01:47.522052,cwd,True,3.0,COMPLETE,0.5,0.995,0.995,0.00016613495614590753,0.002662477001817153,0.0,4.25,0.05,False,,0.3
7,0.9567430025445293,2025-05-18 06:16:50.852200,2025-05-18 06:17:53.835088,0 days 00:01:02.982888,cwd,True,0.75,COMPLETE,0.6,0.995,0.995,3.224597265248e-05,0.0017948428812675512,4.0,4.75,0.1,True,30.0,0.05
70,0.9561068702290076,2025-05-18 07:13:36.677925,2025-05-18 07:14:15.027306,0 days 00:00:38.349381,mse,False,,COMPLETE,0.7,0.99,0.99,1.0145394692475919e-05,6.266102042331434e-05,1.25,0.0,0.05,False,,0.15000000000000002
26,0.9549254816430389,2025-05-18 06:35:30.524664,2025-05-18 06:36:42.652343,0 days 00:01:12.127679,mse,False,,COMPLETE,0.7,0.99,0.99,0.0002821484984624421,0.0010213463667618676,2.5,2.25,0.15,False,,0.25
16,0.9544711014176664,2025-05-18 06:27:15.010224,2025-05-18 06:29:13.715582,0 days 00:01:58.705358,mse,False,,COMPLETE,0.7,0.99,0.99,5.846675812808726e-05,1.1045342365797396e-05,1.0,2.0,0.0,True,90.0,0.0
60,0.9532897128316976,2025-05-18 07:04:55.602226,2025-05-18 07:06:21.809822,0 days 00:01:26.207596,mse,False,,COMPLETE,0.5,0.9,0.9,6.862328039073243e-05,0.0687960766169015,4.0,2.5,0.0,False,,0.05
5,0.9506543075245366,2025-05-18 06:12:28.561982,2025-05-18 06:14:59.322119,0 days 00:02:30.760137,cwd,True,0.75,COMPLETE,0.5,0.995,0.995,1.3177389218307303e-05,0.21072505106246336,4.75,2.75,0.1,False,,0.1
19,0.9490185387131952,2025-05-18 06:30:31.671637,2025-05-18 06:31:22.591475,0 days 00:00:50.919838,mse,False,,COMPLETE,0.7,0.99,0.99,0.00031237063575399835,0.0005831056804166421,3.25,0.75,0.15,False,,0.2
49,0.9489276626681207,2025-05-18 06:54:42.188194,2025-05-18 06:55:19.902089,0 days 00:00:37.713895,mse,False,,COMPLETE,0.7,0.9,0.9,7.056100415777076e-05,1.6473147872398255e-05,4.75,0.5,0.15,False,,0.2
6,0.9487459105779715,2025-05-18 06:14:59.361091,2025-05-18 06:16:50.813259,0 days 00:01:51.452168,cwd,False,3.5,COMPLETE,0.5,0.8,0.8,0.0030069810691589908,0.0028757302241960167,0.0,2.75,0.05,False,,0.25
12,0.948291530352599,2025-05-18 06:24:00.286485,2025-05-18 06:24:43.077777,0 days 00:00:42.791292,mse,False,,COMPLETE,0.5,0.9,0.9,0.0005497923209176251,0.021281592934649065,3.25,1.25,0.0,True,120.0,0.15000000000000002
58,0.9472010178117047,2025-05-18 07:02:43.241088,2025-05-18 07:04:11.498888,0 days 00:01:28.257800,mse,False,,COMPLETE,0.6,0.9,0.9,2.0663935116438207e-05,0.5491890559484542,4.75,1.0,0.05,False,,0.2
10,0.9432933478735007,2025-05-18 06:22:03.333288,2025-05-18 06:23:18.021018,0 days 00:01:14.687730,mse,True,,COMPLETE,0.7,0.99,0.99,0.00015110514194270099,0.929991902221468,1.75,0.25,0.15,True,150.0,0.0
30,0.9431115957833515,2025-05-18 06:38:35.446416,2025-05-18 06:39:19.817533,0 days 00:00:44.371117,mse,False,,COMPLETE,0.7,0.8,0.8,0.0015429846625454582,0.007048776115017412,2.0,0.5,0.15,False,,0.2
0,0.9376590330788804,2025-05-18 06:03:29.711332,2025-05-18 06:05:54.999100,0 days 00:02:25.287768,cwd,False,0.75,COMPLETE,0.6,0.8,0.8,0.002822329500941284,0.17043442131749406,0.0,3.75,0.1,True,60.0,0.1
9,0.8658669574700109,2025-05-18 06:21:30.580771,2025-05-18 06:22:03.295407,0 days 00:00:32.714636,mse,True,,COMPLETE,0.6,0.995,0.995,0.002864242969756503,0.06815323760410603,4.5,1.5,0.05,False,,0.2
