number,values_0,values_1,datetime_start,datetime_complete,duration,params_imp_type,params_isomorphic,params_lr,params_mpp_lr,params_mpp_scheduler,params_mpp_warnup,params_mpp_weight_decay,params_prune_mlp,params_prune_rate,params_prune_step,params_prune_type,params_scheduler,params_warnup,params_weight_decay,system_attrs_NSGAIISampler:generation,state
19,0.955337691,0.6,40:51.5,41:54.7,0 days 00:01:03.177451,lamp,TRUE,0.002829725,0.001129372,TRUE,0.4,3.33E-05,TRUE,0.6,2,group,FALSE,,0.000663587,0,COMPLETE
33,0.954248366,0.5,52:58.2,54:04.0,0 days 00:01:05.788106,lamp,TRUE,0.001683265,6.95E-05,TRUE,0,0.007275271,FALSE,0.5,1,base,TRUE,0.45,8.52E-05,0,COMPLETE
40,0.953812636,0.5,59:07.3,00:15.4,0 days 00:01:08.094139,fpgm,FALSE,0.000757714,0.000948876,FALSE,,0.0015974,FALSE,0.5,1,base,TRUE,0.25,0.0010337,0,COMPLETE
54,0.952069717,0.5,11:25.9,12:31.7,0 days 00:01:05.805517,lamp,TRUE,0.001683265,6.95E-05,TRUE,0.5,0.082671035,FALSE,0.5,1,base,FALSE,,0.000267463,1,COMPLETE
66,0.952069717,0.6,21:22.5,22:26.0,0 days 00:01:03.501564,fpgm,TRUE,0.000557063,5.06E-05,FALSE,,1.36E-05,TRUE,0.6,2,group,TRUE,0,0.001529341,1,COMPLETE
14,0.951198257,0.7,36:44.8,37:38.5,0 days 00:00:53.698988,fpgm,TRUE,0.000276796,0.000180569,FALSE,,0.02180876,TRUE,0.7,2,bnscale,FALSE,,0.00025035,0,COMPLETE
91,0.951198257,0.6,41:50.8,42:57.8,0 days 00:01:07.001014,fpgm,TRUE,0.009241877,0.001009852,FALSE,,0.000250919,TRUE,0.6,3,bnscale,TRUE,0.25,0.000190627,1,COMPLETE
71,0.950980392,0.5,25:19.8,26:34.0,0 days 00:01:14.198759,fpgm,TRUE,0.000757714,0.000948876,TRUE,0,0.022140361,FALSE,0.5,3,base,TRUE,0.5,3.14E-05,1,COMPLETE
74,0.950108932,0.5,28:12.2,29:22.8,0 days 00:01:10.691612,lamp,TRUE,0.002829725,0.000459031,TRUE,0.3,0.000147566,FALSE,0.5,2,group,FALSE,,0.000663587,1,COMPLETE
47,0.949891068,0.6,04:53.7,05:54.3,0 days 00:01:00.656219,lamp,TRUE,0.000557063,5.06E-05,FALSE,,0.094419442,TRUE,0.6,1,group,FALSE,,6.09E-05,0,COMPLETE
45,0.949673203,0.9,03:18.9,04:02.9,0 days 00:00:43.938779,fpgm,TRUE,0.001635534,0.001009852,FALSE,,0.000250919,FALSE,0.9,3,bnscale,FALSE,,0.000190627,0,COMPLETE
76,0.949237473,0.7,29:58.3,30:49.5,0 days 00:00:51.161094,fpgm,TRUE,0.000913515,3.37E-05,TRUE,0.4,0.060705227,TRUE,0.7,1,bnscale,FALSE,,0.002951034,1,COMPLETE
26,0.949019608,0.6,46:14.8,47:14.4,0 days 00:00:59.579196,fpgm,TRUE,0.002809279,2.39E-05,TRUE,0.5,0.009655094,FALSE,0.6,1,bnscale,FALSE,,3.60E-05,0,COMPLETE
32,0.948366013,0.6,51:55.3,52:58.2,0 days 00:01:02.859711,fpgm,TRUE,0.000383448,0.000800144,FALSE,,0.597467427,TRUE,0.6,2,base,TRUE,0.25,0.001209962,0,COMPLETE
1,0.947930283,0.6,24:29.6,25:28.7,0 days 00:00:59.063936,fpgm,FALSE,0.00013319,0.001415497,FALSE,,1.33E-05,TRUE,0.6,1,bnscale,FALSE,,0.000322821,0,COMPLETE
70,0.947930283,0.9,24:40.7,25:19.7,0 days 00:00:39.087181,group,TRUE,0.003227372,0.000133595,TRUE,0.05,9.56E-05,TRUE,0.9,2,base,TRUE,0.05,2.20E-05,1,COMPLETE
11,0.947712418,0.9,34:10.0,34:52.4,0 days 00:00:42.388599,group,TRUE,0.001806671,0.000118922,TRUE,0.2,1.34E-05,TRUE,0.9,3,base,FALSE,,1.24E-05,0,COMPLETE
2,0.947058824,0.5,25:28.7,26:43.5,0 days 00:01:14.819741,group,TRUE,2.04E-05,1.23E-05,TRUE,0.25,6.90E-05,FALSE,0.5,3,base,FALSE,,0.000267463,0,COMPLETE
15,0.946840959,0.7,37:38.5,38:33.8,0 days 00:00:55.281769,lamp,FALSE,0.000508724,0.003625475,TRUE,0.2,7.13E-05,TRUE,0.7,2,bnscale,FALSE,,0.000260325,0,COMPLETE
31,0.946840959,0.5,50:47.7,51:55.3,0 days 00:01:07.604182,group,FALSE,0.000170957,0.009232225,TRUE,0.2,0.757316881,TRUE,0.5,1,group,FALSE,,0.000256073,0,COMPLETE
57,0.946840959,0.6,13:50.3,14:57.3,0 days 00:01:06.970025,fpgm,TRUE,5.66E-05,0.000231423,FALSE,,1.33E-05,TRUE,0.6,3,bnscale,FALSE,,1.08E-05,1,COMPLETE
10,0.946623094,0.6,33:03.2,34:10.0,0 days 00:01:06.733967,group,TRUE,5.66E-05,0.000231423,TRUE,0.15,1.33E-05,FALSE,0.6,3,group,FALSE,,7.59E-05,0,COMPLETE
55,0.946623094,0.9,12:31.7,13:07.4,0 days 00:00:35.729748,lamp,TRUE,0.001806671,5.06E-05,TRUE,0.1,1.34E-05,TRUE,0.9,1,base,FALSE,,1.24E-05,1,COMPLETE
79,0.946405229,0.8,32:23.5,33:07.6,0 days 00:00:44.101423,fpgm,FALSE,0.003117783,1.05E-05,FALSE,,0.067839371,TRUE,0.8,2,base,TRUE,0.45,0.001209962,1,COMPLETE
81,0.946405229,0.9,33:55.4,34:34.6,0 days 00:00:39.112405,fpgm,FALSE,0.000508724,0.00300728,TRUE,0.05,7.13E-05,FALSE,0.9,2,base,FALSE,,0.000260325,1,COMPLETE
67,0.946187364,0.7,22:26.0,23:20.2,0 days 00:00:54.133428,group,TRUE,0.000508724,0.003625475,FALSE,,7.13E-05,TRUE,0.7,2,bnscale,FALSE,,0.002951034,1,COMPLETE
3,0.945969499,0.5,26:43.6,27:57.3,0 days 00:01:13.694941,lamp,TRUE,3.48E-05,0.000557392,FALSE,,0.001717689,FALSE,0.5,3,bnscale,TRUE,0.05,0.000278139,0,COMPLETE
34,0.945751634,0.8,54:04.0,54:52.5,0 days 00:00:48.510395,fpgm,TRUE,0.000650426,0.005700408,TRUE,0.3,2.42E-05,FALSE,0.8,3,group,TRUE,0.25,0.000205866,0,COMPLETE
84,0.945315904,0.6,36:23.2,37:22.6,0 days 00:00:59.385653,fpgm,FALSE,0.00013319,0.001129372,FALSE,,1.33E-05,FALSE,0.6,1,bnscale,FALSE,,0.000322821,1,COMPLETE
61,0.945098039,0.5,17:22.6,18:30.0,0 days 00:01:07.423591,fpgm,TRUE,0.000383448,0.009232225,TRUE,0.45,0.597467427,TRUE,0.5,1,base,TRUE,0.3,0.001209962,1,COMPLETE
60,0.944662309,0.6,16:15.9,17:22.6,0 days 00:01:06.705723,group,TRUE,5.66E-05,0.002061176,TRUE,0.15,1.33E-05,FALSE,0.6,3,group,TRUE,0.2,7.59E-05,1,COMPLETE
92,0.944662309,0.9,42:57.9,43:37.2,0 days 00:00:39.316473,fpgm,TRUE,0.001635534,0.001009852,FALSE,,0.000250919,FALSE,0.9,2,bnscale,TRUE,0.15,0.000190627,1,COMPLETE
0,0.94422658,0.7,23:39.0,24:29.6,0 days 00:00:50.612450,fpgm,FALSE,0.000209862,0.000100947,FALSE,,9.74E-05,TRUE,0.7,1,group,FALSE,,0.000910372,0,COMPLETE
52,0.94422658,0.5,09:30.9,10:42.3,0 days 00:01:11.417447,lamp,TRUE,3.96E-05,0.003625475,TRUE,0.25,0.000311502,TRUE,0.5,2,base,FALSE,,0.000260325,1,COMPLETE
49,0.943572985,0.8,06:45.5,07:33.7,0 days 00:00:48.202650,group,FALSE,0.000123669,0.002062452,FALSE,,6.08E-05,TRUE,0.8,3,bnscale,FALSE,,4.88E-05,0,COMPLETE
83,0.94335512,0.6,35:20.1,36:23.2,0 days 00:01:03.143194,group,TRUE,1.77E-05,0.000231423,TRUE,0.1,0.575882658,FALSE,0.6,2,bnscale,FALSE,,7.59E-05,1,COMPLETE
73,0.94291939,0.6,27:13.0,28:12.1,0 days 00:00:59.168384,fpgm,FALSE,0.000575377,7.79E-05,TRUE,0.05,0.00033447,TRUE,0.6,1,bnscale,TRUE,0.15,0.005988239,1,COMPLETE
88,0.94291939,0.9,39:25.8,40:01.3,0 days 00:00:35.579652,lamp,FALSE,0.000557063,5.06E-05,TRUE,0.5,0.094419442,FALSE,0.9,1,group,TRUE,0.25,6.09E-05,1,COMPLETE
5,0.941176471,0.7,28:57.1,29:54.6,0 days 00:00:57.544189,fpgm,TRUE,6.12E-05,0.000149429,FALSE,,0.060705227,TRUE,0.7,3,bnscale,TRUE,0.5,0.002951034,0,COMPLETE
41,0.940087146,0.8,00:15.5,00:57.1,0 days 00:00:41.687320,fpgm,FALSE,0.000104237,1.71E-05,FALSE,,0.067839371,FALSE,0.8,1,group,TRUE,0.05,0.000109644,0,COMPLETE
72,0.939869281,0.9,26:34.0,27:12.9,0 days 00:00:38.947136,group,TRUE,0.001720711,1.06E-05,FALSE,,1.36E-05,TRUE,0.9,2,group,TRUE,0.35,0.001529341,1,COMPLETE
24,0.939215686,0.9,44:49.8,45:32.2,0 days 00:00:42.375235,fpgm,TRUE,0.000358168,1.42E-05,FALSE,,5.45E-05,TRUE,0.9,3,bnscale,TRUE,0.25,1.08E-05,0,COMPLETE
17,0.938344227,0.6,39:12.8,40:12.3,0 days 00:00:59.496139,fpgm,TRUE,6.88E-05,4.53E-05,FALSE,,0.017555629,FALSE,0.6,1,base,TRUE,0.45,0.012009413,0,COMPLETE
77,0.938344227,0.9,30:49.5,31:28.5,0 days 00:00:39.012986,group,TRUE,0.000508724,1.26E-05,FALSE,,0.022140361,TRUE,0.9,2,bnscale,TRUE,0.45,0.000260325,1,COMPLETE
75,0.937037037,0.9,29:22.9,29:58.3,0 days 00:00:35.404874,group,FALSE,0.000309302,8.43E-05,TRUE,0.3,0.012718151,TRUE,0.9,1,bnscale,FALSE,,0.000313822,1,COMPLETE
50,0.935511983,0.6,07:33.7,08:36.7,0 days 00:01:03.004630,group,TRUE,0.000383448,0.000800144,TRUE,0.35,0.597467427,TRUE,0.6,2,bnscale,TRUE,0.15,0.005988239,1,COMPLETE
4,0.931590414,0.6,27:57.3,28:57.1,0 days 00:00:59.776815,lamp,TRUE,2.59E-05,0.000160856,FALSE,,0.000132354,TRUE,0.6,1,group,TRUE,0.1,0.008357104,0,COMPLETE
43,0.930718954,0.9,01:37.9,02:23.1,0 days 00:00:45.245015,group,TRUE,0.000139813,1.26E-05,TRUE,0.35,0.022140361,TRUE,0.9,3,base,TRUE,0.25,3.14E-05,0,COMPLETE
85,0.930501089,0.9,37:22.7,37:58.2,0 days 00:00:35.515112,lamp,TRUE,0.000102735,1.42E-05,FALSE,,0.002827443,TRUE,0.9,1,base,FALSE,,1.08E-05,1,COMPLETE
9,0.926579521,0.9,32:24.4,33:03.2,0 days 00:00:38.865726,fpgm,TRUE,0.001720711,1.06E-05,FALSE,,1.36E-05,TRUE,0.9,2,group,TRUE,0,0.001529341,0,COMPLETE
37,0.921350763,0.6,56:22.4,57:31.0,0 days 00:01:08.596671,fpgm,TRUE,1.03E-05,7.79E-05,TRUE,0.05,0.00033447,TRUE,0.6,3,bnscale,TRUE,0.35,0.004097534,0,COMPLETE
42,0.921132898,0.9,00:57.2,01:37.8,0 days 00:00:40.679589,lamp,FALSE,0.000114525,1.35E-05,TRUE,0.1,0.000469722,FALSE,0.9,2,bnscale,TRUE,0.2,0.000982468,0,COMPLETE
22,0.920043573,0.9,43:35.3,44:10.8,0 days 00:00:35.456857,group,TRUE,3.96E-05,3.37E-05,TRUE,0.05,0.035677187,TRUE,0.9,1,base,FALSE,,0.000110342,0,COMPLETE
29,0.918082789,0.6,48:31.2,49:37.5,0 days 00:01:06.258880,group,FALSE,5.48E-05,5.10E-05,FALSE,,0.000102405,TRUE,0.6,3,group,FALSE,,0.014406587,0,COMPLETE
56,0.917864924,0.9,13:07.5,13:50.3,0 days 00:00:42.849339,fpgm,FALSE,0.000114525,1.35E-05,FALSE,,0.028398503,FALSE,0.9,3,group,TRUE,0.4,0.000211391,1,COMPLETE
23,0.91503268,0.9,44:10.8,44:49.8,0 days 00:00:38.936245,fpgm,TRUE,0.000303003,0.000544787,TRUE,0.3,4.80E-05,FALSE,0.9,2,base,FALSE,,0.00237917,0,COMPLETE
89,0.91503268,0.6,40:01.4,41:08.2,0 days 00:01:06.816798,group,FALSE,5.48E-05,5.10E-05,FALSE,,0.000102405,TRUE,0.6,3,group,FALSE,,0.014406587,1,COMPLETE
46,0.910457516,0.8,04:02.9,04:53.7,0 days 00:00:50.748122,group,TRUE,0.00913867,3.74E-05,FALSE,,0.001105119,TRUE,0.8,3,group,FALSE,,0.000254354,0,COMPLETE
64,0.909803922,0.8,19:58.5,20:40.1,0 days 00:00:41.635943,group,FALSE,0.000104237,3.74E-05,FALSE,,0.001105119,TRUE,0.8,1,group,TRUE,0.25,0.012482765,1,COMPLETE
6,0.889324619,0.7,29:54.7,30:49.9,0 days 00:00:55.261003,group,FALSE,1.81E-05,9.40E-05,FALSE,,0.024188016,TRUE,0.7,2,group,TRUE,0.25,0.020933857,0,COMPLETE
35,0.879956427,0.9,54:52.5,55:39.7,0 days 00:00:47.133775,lamp,FALSE,0.006067926,0.001452777,TRUE,0.2,0.030813331,FALSE,0.9,3,base,TRUE,0.05,0.000527444,0,COMPLETE
80,0.87254902,0.8,33:07.6,33:55.4,0 days 00:00:47.777577,group,FALSE,0.000132984,1.26E-05,TRUE,0.2,6.08E-05,TRUE,0.8,3,bnscale,FALSE,,0.01405917,1,COMPLETE
58,0.868409586,0.9,14:57.3,15:36.9,0 days 00:00:39.554362,lamp,TRUE,0.001607917,0.000800144,FALSE,,0.021131462,FALSE,0.9,2,base,TRUE,0.4,0.002514555,1,COMPLETE
78,0.852069717,0.7,31:28.5,32:23.5,0 days 00:00:54.985525,lamp,FALSE,0.0013548,0.008158081,FALSE,,7.13E-05,TRUE,0.7,2,base,TRUE,0.25,0.000260325,1,COMPLETE
28,0.8416122,0.8,47:50.6,48:31.2,0 days 00:00:40.603953,lamp,FALSE,0.000102735,0.000333559,FALSE,,0.002827443,TRUE,0.8,1,base,TRUE,0.35,0.035788663,0,COMPLETE
86,0.839651416,0.8,37:58.2,38:46.7,0 days 00:00:48.515666,lamp,TRUE,0.009208179,0.005700408,FALSE,,2.42E-05,FALSE,0.8,3,group,TRUE,0.15,0.000211391,1,COMPLETE
96,0.834640523,0.9,45:59.5,46:35.4,0 days 00:00:35.878222,fpgm,TRUE,3.96E-05,3.37E-05,FALSE,,1.36E-05,TRUE,0.9,1,base,TRUE,0.45,0.000110342,1,COMPLETE
98,0.830936819,0.7,47:37.6,48:36.6,0 days 00:00:58.924501,group,TRUE,3.48E-05,0.000557392,FALSE,,0.024188016,TRUE,0.7,3,bnscale,TRUE,0.1,0.020933857,1,COMPLETE
63,0.824183007,0.9,19:15.9,19:58.4,0 days 00:00:42.534000,group,TRUE,1.96E-05,0.000355967,TRUE,0.15,0.001855659,FALSE,0.9,3,base,FALSE,,2.20E-05,1,COMPLETE
90,0.808496732,0.9,41:08.2,41:50.8,0 days 00:00:42.616187,lamp,FALSE,0.006067926,0.001452777,FALSE,,0.02180876,TRUE,0.9,3,base,FALSE,,0.000527444,1,COMPLETE
27,0.797167756,0.9,47:14.4,47:50.6,0 days 00:00:36.147085,group,FALSE,0.000575377,8.43E-05,TRUE,0.35,9.40E-05,TRUE,0.9,1,bnscale,FALSE,,0.005988239,0,COMPLETE
13,0.796078431,0.9,36:05.7,36:44.8,0 days 00:00:39.047529,fpgm,TRUE,1.96E-05,0.000355967,TRUE,0.4,0.001855659,TRUE,0.9,2,base,TRUE,0.35,2.20E-05,0,COMPLETE
12,0.793246187,0.5,34:52.4,36:05.7,0 days 00:01:13.283517,lamp,FALSE,2.01E-05,0.002296578,TRUE,0.1,0.040565821,TRUE,0.5,3,base,TRUE,0.45,0.059031199,0,COMPLETE
59,0.784313725,0.9,15:36.9,16:15.9,0 days 00:00:38.965773,group,FALSE,0.000114525,1.35E-05,TRUE,0.5,0.000469722,TRUE,0.9,2,bnscale,TRUE,0.5,0.020933857,1,COMPLETE
36,0.752287582,0.9,55:39.7,56:22.3,0 days 00:00:42.660824,fpgm,TRUE,1.77E-05,0.000883157,FALSE,,0.575882658,FALSE,0.9,2,bnscale,FALSE,,0.00111507,0,COMPLETE
16,0.751416122,0.9,38:33.8,39:12.8,0 days 00:00:38.963108,group,TRUE,5.10E-05,2.00E-05,FALSE,,1.08E-05,TRUE,0.9,2,base,TRUE,0.4,0.017541298,0,COMPLETE
48,0.751416122,0.8,05:54.4,06:45.5,0 days 00:00:51.123521,fpgm,TRUE,0.009208179,0.000551313,FALSE,,0.028398503,FALSE,0.8,3,group,TRUE,0,0.000211391,0,COMPLETE
18,0.747930283,0.9,40:12.3,40:51.5,0 days 00:00:39.175236,fpgm,FALSE,0.000132984,1.26E-05,TRUE,0.1,0.000227871,FALSE,0.9,2,group,FALSE,,0.01405917,0,COMPLETE
94,0.744880174,0.9,44:37.1,45:16.3,0 days 00:00:39.175613,group,TRUE,5.10E-05,2.00E-05,FALSE,,1.08E-05,TRUE,0.9,2,base,TRUE,0.5,0.017541298,1,COMPLETE
44,0.689760349,0.7,02:23.1,03:18.9,0 days 00:00:55.777669,fpgm,FALSE,0.000110436,0.000142456,FALSE,,0.000323223,FALSE,0.7,2,bnscale,TRUE,0.3,0.467588627,0,COMPLETE
93,0.674074074,0.6,43:37.2,44:37.1,0 days 00:00:59.903291,fpgm,TRUE,0.000309302,0.001026877,FALSE,,8.01E-05,FALSE,0.6,1,group,FALSE,,0.071341772,1,COMPLETE
21,0.668191721,0.7,42:33.8,43:35.3,0 days 00:01:01.541755,group,FALSE,0.0013548,0.008158081,FALSE,,5.47E-05,FALSE,0.7,3,group,TRUE,0.35,0.000175099,0,COMPLETE
95,0.663616558,0.9,45:16.3,45:59.5,0 days 00:00:43.155971,lamp,TRUE,1.03E-05,0.000544787,TRUE,0.35,4.80E-05,TRUE,0.9,3,base,TRUE,0.1,0.004097534,1,COMPLETE
39,0.634858388,0.6,58:07.2,59:07.3,0 days 00:01:00.149353,fpgm,FALSE,0.001269872,0.001026877,TRUE,0.4,8.01E-05,TRUE,0.6,1,group,TRUE,0.1,0.071341772,0,COMPLETE
87,0.621350763,0.9,38:46.7,39:25.7,0 days 00:00:39.004453,lamp,FALSE,0.00913867,3.74E-05,TRUE,0.15,0.717599185,TRUE,0.9,2,group,FALSE,,0.000982468,1,COMPLETE
51,0.618518519,0.7,08:36.8,09:30.9,0 days 00:00:54.088276,lamp,FALSE,0.000508724,0.003625475,TRUE,0,7.13E-05,TRUE,0.7,2,bnscale,FALSE,,0.059031199,1,COMPLETE
69,0.575163399,0.9,24:01.8,24:40.6,0 days 00:00:38.850087,group,TRUE,0.000383448,0.000379763,FALSE,,0.597467427,TRUE,0.9,2,bnscale,FALSE,,0.121177578,1,COMPLETE
8,0.574945534,0.7,31:25.3,32:24.3,0 days 00:00:59.038808,lamp,TRUE,0.000609506,0.006742076,TRUE,0.35,0.00307467,TRUE,0.7,3,bnscale,FALSE,,0.001118996,0,COMPLETE
38,0.522657952,0.9,57:31.0,58:07.1,0 days 00:00:36.157389,group,TRUE,0.000309302,0.000285471,FALSE,,0.012718151,FALSE,0.9,1,base,FALSE,,0.121177578,0,COMPLETE
68,0.516122004,0.9,23:20.2,24:01.8,0 days 00:00:41.568409,fpgm,FALSE,0.002869145,9.40E-05,TRUE,0.3,1.36E-05,TRUE,0.9,2,group,TRUE,0,0.020933857,1,COMPLETE
97,0.461873638,0.6,46:35.4,47:37.6,0 days 00:01:02.214205,fpgm,TRUE,0.009630239,0.000800144,TRUE,0.2,0.597467427,TRUE,0.6,2,bnscale,TRUE,0,0.005988239,1,COMPLETE
99,0.438126362,0.9,48:36.6,49:19.1,0 days 00:00:42.497548,fpgm,TRUE,0.001607917,0.000101895,FALSE,,0.007238985,FALSE,0.9,3,base,TRUE,0.5,0.415510473,1,COMPLETE
7,0.429411765,0.9,30:49.9,31:25.3,0 days 00:00:35.336965,lamp,TRUE,0.001607917,7.22E-05,FALSE,,0.021131462,FALSE,0.9,1,base,FALSE,,0.415510473,0,COMPLETE
20,0.426797386,0.9,41:54.7,42:33.8,0 days 00:00:39.036768,group,TRUE,0.003227372,0.000133595,TRUE,0.25,9.56E-05,TRUE,0.9,2,bnscale,TRUE,0.4,0.186096796,0,COMPLETE
25,0.413943355,0.9,45:32.2,46:14.8,0 days 00:00:42.612170,fpgm,TRUE,0.000288037,0.000127007,FALSE,,0.089544863,TRUE,0.9,3,bnscale,FALSE,,0.808913571,0,COMPLETE
30,0.411982571,0.5,49:37.6,50:47.7,0 days 00:01:10.011340,fpgm,TRUE,0.004976064,1.06E-05,FALSE,,1.29E-05,FALSE,0.5,1,group,FALSE,,0.152543085,0,COMPLETE
62,0.388888889,0.9,18:30.1,19:15.9,0 days 00:00:45.827810,fpgm,FALSE,0.000650426,0.005700408,TRUE,0.35,0.030813331,FALSE,0.9,3,group,TRUE,0.15,0.000527444,1,COMPLETE
65,0.360784314,0.9,20:40.1,21:22.5,0 days 00:00:42.373647,lamp,TRUE,0.001635534,0.00190507,TRUE,0.5,0.00307467,TRUE,0.9,3,bnscale,FALSE,,0.773025211,1,COMPLETE
53,0.353376906,0.8,10:42.3,11:25.9,0 days 00:00:43.533521,group,FALSE,0.000309302,0.000285471,FALSE,,6.08E-05,TRUE,0.8,1,bnscale,FALSE,,4.88E-05,1,COMPLETE
82,0.244008715,0.9,34:34.6,35:20.1,0 days 00:00:45.469230,group,FALSE,0.000139813,0.005218652,TRUE,0.35,0.022140361,TRUE,0.9,3,bnscale,TRUE,0.15,0.001125693,1,COMPLETE
