number,values_0,values_1,datetime_start,datetime_complete,duration,params_imp_type,params_isomorphic,params_lr,params_mpp_lr,params_mpp_scheduler,params_mpp_warnup,params_mpp_weight_decay,params_prune_mlp,params_prune_rate,params_prune_step,params_prune_type,params_scheduler,params_warnup,params_weight_decay,system_attrs_NSGAIISampler:generation,state
48,0.930449534,0.5,07:48.7,08:48.0,0 days 00:00:59.261781,group,FALSE,0.004428804,0.001861538,FALSE,,3.17E-05,FALSE,0.5,3,base,TRUE,0.2,6.06E-05,0,COMPLETE
36,0.929601357,0.5,56:56.6,57:50.1,0 days 00:00:53.473425,group,TRUE,0.000188854,9.59E-05,TRUE,0.35,0.107399347,TRUE,0.5,1,group,FALSE,,0.000280367,0,COMPLETE
35,0.928389676,0.6,56:00.9,56:56.6,0 days 00:00:55.688257,group,TRUE,0.003005458,0.001077063,FALSE,,0.000681905,TRUE,0.6,2,bnscale,TRUE,0.1,2.29E-05,0,COMPLETE
57,0.927420332,0.5,16:08.6,17:02.2,0 days 00:00:53.667526,group,TRUE,0.006326133,9.73E-05,TRUE,0.25,0.013300439,TRUE,0.5,1,bnscale,FALSE,,6.86E-05,1,COMPLETE
67,0.924754635,0.7,25:09.3,26:04.0,0 days 00:00:54.672119,fpgm,TRUE,0.004428804,1.82E-05,FALSE,,6.84E-05,TRUE,0.7,2,base,FALSE,,6.06E-05,1,COMPLETE
56,0.924027626,0.5,15:14.9,16:08.5,0 days 00:00:53.681176,group,TRUE,0.004428804,9.59E-05,FALSE,,3.17E-05,TRUE,0.5,1,group,TRUE,0.1,6.06E-05,1,COMPLETE
71,0.923906458,0.6,28:45.4,29:38.5,0 days 00:00:53.179029,lamp,TRUE,0.000371883,0.00062707,TRUE,0.3,0.012705511,TRUE,0.6,1,group,FALSE,,0.000199255,1,COMPLETE
38,0.923058282,0.5,58:42.4,59:38.8,0 days 00:00:56.413293,lamp,TRUE,0.006326133,0.004300577,TRUE,0.5,0.013300439,TRUE,0.5,2,bnscale,FALSE,,6.86E-05,0,COMPLETE
33,0.906215921,0.5,54:09.8,55:06.0,0 days 00:00:56.220850,group,TRUE,9.72E-05,0.000132144,FALSE,,8.26E-05,TRUE,0.5,2,base,FALSE,,2.47E-05,0,COMPLETE
13,0.906094753,0.5,36:00.3,36:53.4,0 days 00:00:53.058050,lamp,TRUE,0.00149619,0.000689565,FALSE,,0.000109581,TRUE,0.5,1,base,TRUE,0.5,0.001207635,0,COMPLETE
98,0.900884527,0.7,53:33.2,54:30.4,0 days 00:00:57.261918,fpgm,FALSE,0.000343487,5.29E-05,FALSE,,0.107883658,FALSE,0.7,3,base,FALSE,,0.000213671,1,COMPLETE
34,0.897491821,0.7,55:06.0,56:00.9,0 days 00:00:54.857625,fpgm,TRUE,0.000465156,1.82E-05,FALSE,,0.113779537,TRUE,0.7,2,base,FALSE,,6.29E-05,0,COMPLETE
29,0.896885981,0.6,50:34.0,51:28.9,0 days 00:00:54.867383,lamp,TRUE,0.000752701,0.009377055,FALSE,,4.78E-05,TRUE,0.6,2,group,FALSE,,0.001450878,0,COMPLETE
62,0.896885981,0.7,20:35.7,21:33.3,0 days 00:00:57.661733,group,TRUE,0.000343487,9.59E-05,TRUE,0.2,0.107399347,TRUE,0.7,3,group,FALSE,,2.05E-05,1,COMPLETE
19,0.896158972,0.5,41:15.7,42:09.6,0 days 00:00:53.958506,group,FALSE,0.000442811,0.000891181,FALSE,,0.021415585,FALSE,0.5,1,bnscale,FALSE,,0.001472351,0,COMPLETE
12,0.884526839,0.7,35:03.0,36:00.3,0 days 00:00:57.244957,fpgm,FALSE,0.000343487,0.004379882,FALSE,,3.13E-05,FALSE,0.7,3,group,TRUE,0.2,2.05E-05,0,COMPLETE
41,0.859929723,0.6,01:31.7,02:24.5,0 days 00:00:52.818269,group,TRUE,0.000913222,0.005878699,FALSE,,0.002247887,TRUE,0.6,1,base,FALSE,,0.001067803,0,COMPLETE
94,0.85447716,0.8,49:50.4,50:46.9,0 days 00:00:56.486067,lamp,FALSE,0.001366154,0.000692824,FALSE,,3.73E-05,FALSE,0.8,3,base,TRUE,0.5,0.000299778,1,COMPLETE
11,0.848782261,0.5,34:09.0,35:03.0,0 days 00:00:53.975932,fpgm,FALSE,0.003565521,6.42E-05,FALSE,,0.034213035,FALSE,0.5,1,bnscale,FALSE,,0.001121359,0,COMPLETE
90,0.844541379,0.6,46:11.7,47:07.3,0 days 00:00:55.627653,fpgm,FALSE,0.000465156,1.82E-05,FALSE,,0.113779537,TRUE,0.6,2,group,FALSE,,0.003713687,1,COMPLETE
63,0.820186599,0.6,21:33.4,22:28.7,0 days 00:00:55.388474,fpgm,FALSE,0.000184443,0.000376849,FALSE,,0.001126388,FALSE,0.6,2,group,TRUE,0.2,0.004898889,1,COMPLETE
60,0.81824791,0.5,18:49.5,19:44.1,0 days 00:00:54.636866,fpgm,FALSE,0.003565521,0.000237558,FALSE,,0.034213035,FALSE,0.5,1,group,FALSE,,0.001121359,1,COMPLETE
1,0.803707743,0.6,24:52.5,25:45.7,0 days 00:00:53.211107,lamp,TRUE,3.35E-05,0.00062707,FALSE,,0.012705511,TRUE,0.6,1,group,FALSE,,0.000199255,0,COMPLETE
87,0.803707743,0.7,43:35.6,44:28.0,0 days 00:00:52.336542,group,FALSE,0.00149619,0.000689565,FALSE,,0.024576939,TRUE,0.7,1,group,TRUE,0.3,0.002860969,1,COMPLETE
32,0.799466861,0.9,53:12.7,54:09.8,0 days 00:00:57.079744,group,FALSE,0.003204507,2.47E-05,FALSE,,0.948417109,TRUE,0.9,3,base,TRUE,0.1,1.43E-05,0,COMPLETE
78,0.795589483,0.5,35:10.8,36:04.6,0 days 00:00:53.761840,fpgm,FALSE,2.59E-05,1.82E-05,FALSE,,0.113779537,FALSE,0.5,1,base,FALSE,,6.29E-05,1,COMPLETE
37,0.790621592,0.7,57:50.1,58:42.4,0 days 00:00:52.292460,group,FALSE,0.001178483,0.000936272,FALSE,,0.024576939,FALSE,0.7,1,group,FALSE,,0.002860969,0,COMPLETE
28,0.782988004,0.7,49:39.6,50:34.0,0 days 00:00:54.450751,fpgm,TRUE,0.000184443,0.000376849,TRUE,0.05,8.83E-05,TRUE,0.7,2,base,TRUE,0.1,0.004898889,0,COMPLETE
24,0.777898946,0.5,45:49.5,46:49.4,0 days 00:00:59.844105,fpgm,FALSE,2.59E-05,5.29E-05,FALSE,,0.107883658,FALSE,0.5,3,base,FALSE,,0.000213671,0,COMPLETE
86,0.777050769,0.7,42:40.5,43:35.6,0 days 00:00:55.163848,lamp,TRUE,0.000981804,0.000103949,TRUE,0.3,0.140290379,TRUE,0.7,2,base,FALSE,,0.003713687,1,COMPLETE
46,0.776687265,0.6,05:58.1,06:56.2,0 days 00:00:58.094511,fpgm,TRUE,4.21E-05,0.002549868,TRUE,0.35,7.02E-05,TRUE,0.6,3,group,TRUE,0.35,0.00019287,0,COMPLETE
52,0.762268266,0.9,11:33.3,12:27.5,0 days 00:00:54.214363,group,TRUE,0.003204507,2.47E-05,FALSE,,0.000681905,FALSE,0.9,2,bnscale,TRUE,0.4,2.29E-05,1,COMPLETE
0,0.725554344,0.6,23:56.7,24:52.4,0 days 00:00:55.717883,fpgm,TRUE,0.002839988,3.84E-05,TRUE,0.25,0.803733128,TRUE,0.6,2,group,TRUE,0,0.002144435,0,COMPLETE
6,0.720101781,0.5,29:25.1,30:21.4,0 days 00:00:56.297759,fpgm,TRUE,0.000358445,1.03E-05,TRUE,0.2,0.006442026,TRUE,0.5,2,base,TRUE,0.35,0.04328838,0,COMPLETE
45,0.714406882,0.5,04:59.6,05:58.1,0 days 00:00:58.474102,lamp,TRUE,8.12E-05,0.002121981,TRUE,0.5,3.80E-05,FALSE,0.5,3,base,TRUE,0.15,0.109759946,0,COMPLETE
95,0.708711984,0.7,50:46.9,51:39.1,0 days 00:00:52.160205,lamp,TRUE,3.08E-05,0.002662382,TRUE,0.4,0.005206186,TRUE,0.7,1,base,FALSE,,1.73E-05,1,COMPLETE
47,0.706652126,0.6,06:56.3,07:48.7,0 days 00:00:52.451780,fpgm,FALSE,3.93E-05,6.00E-05,FALSE,,0.818873735,FALSE,0.6,1,base,TRUE,0.45,0.002835218,0,COMPLETE
77,0.69017327,0.9,34:13.6,35:10.8,0 days 00:00:57.183536,group,FALSE,0.000752701,2.47E-05,FALSE,,0.00037333,TRUE,0.9,3,group,FALSE,,0.001450878,1,COMPLETE
73,0.683387859,0.6,30:31.9,31:25.1,0 days 00:00:53.253910,lamp,FALSE,4.18E-05,0.00105079,TRUE,0.4,1.60E-05,FALSE,0.6,1,base,TRUE,0.05,0.012238908,1,COMPLETE
72,0.682539683,0.5,29:38.6,30:31.9,0 days 00:00:53.312356,lamp,FALSE,2.01E-05,0.001861538,FALSE,,0.002218468,TRUE,0.5,1,base,TRUE,0.1,6.06E-05,1,COMPLETE
84,0.668605356,0.9,40:44.0,41:41.2,0 days 00:00:57.188535,fpgm,FALSE,0.007508092,0.000318492,FALSE,,3.73E-05,TRUE,0.9,3,group,FALSE,,0.000388793,1,COMPLETE
76,0.658790743,0.9,33:21.6,34:13.6,0 days 00:00:51.986108,lamp,FALSE,0.000725018,0.000109146,FALSE,,0.024576939,FALSE,0.9,1,group,TRUE,0.25,0.000299778,1,COMPLETE
22,0.653217012,0.9,43:57.4,44:54.1,0 days 00:00:56.703911,group,FALSE,0.001004952,0.000318492,FALSE,,3.73E-05,TRUE,0.9,3,base,TRUE,0.15,0.000299778,0,COMPLETE
18,0.636132316,0.8,40:24.1,41:15.6,0 days 00:00:51.494125,lamp,FALSE,0.001366154,0.000692824,TRUE,0.45,0.037707864,FALSE,0.8,1,base,TRUE,0.1,0.020932173,0,COMPLETE
9,0.629104568,0.7,32:14.1,33:09.1,0 days 00:00:54.993863,fpgm,TRUE,3.08E-05,0.000103852,TRUE,0.3,0.005206186,TRUE,0.7,2,base,FALSE,,0.04503594,0,COMPLETE
3,0.604870956,0.6,26:42.9,27:35.5,0 days 00:00:52.621138,group,TRUE,0.007525311,4.67E-05,FALSE,,0.215815525,FALSE,0.6,1,group,TRUE,0.4,0.026047779,0,COMPLETE
10,0.599539561,0.5,33:09.1,34:09.0,0 days 00:00:59.877634,group,FALSE,0.000723868,0.002119179,TRUE,0.3,0.00396456,TRUE,0.5,3,group,TRUE,0,0.053607418,0,COMPLETE
59,0.586332243,0.7,17:54.9,18:49.5,0 days 00:00:54.593788,fpgm,TRUE,3.08E-05,0.000103852,TRUE,0.15,0.005206186,FALSE,0.7,2,base,FALSE,,0.04503594,1,COMPLETE
54,0.568520538,0.5,13:25.0,14:23.3,0 days 00:00:58.290876,group,FALSE,0.000442811,0.000891181,TRUE,0.25,3.80E-05,FALSE,0.5,3,base,FALSE,,0.109759946,1,COMPLETE
89,0.566824185,0.9,45:20.0,46:11.7,0 days 00:00:51.662658,group,FALSE,0.000442811,0.000891181,FALSE,,3.73E-05,TRUE,0.9,1,bnscale,FALSE,,0.000299778,1,COMPLETE
7,0.550224161,0.5,30:21.4,31:18.2,0 days 00:00:56.815593,fpgm,TRUE,1.92E-05,0.001019333,TRUE,0.05,6.80E-05,TRUE,0.5,2,bnscale,TRUE,0.45,0.008327928,0,COMPLETE
30,0.542954077,0.8,51:28.9,52:20.5,0 days 00:00:51.619599,group,FALSE,8.93E-05,0.004173458,FALSE,,0.017440256,TRUE,0.8,1,base,TRUE,0.3,0.00140399,0,COMPLETE
65,0.54028838,0.9,23:20.2,24:17.4,0 days 00:00:57.208792,fpgm,FALSE,0.000184443,0.00634368,FALSE,,2.09E-05,TRUE,0.9,3,group,TRUE,0.05,0.004898889,1,COMPLETE
96,0.538470859,0.5,51:39.1,52:35.4,0 days 00:00:56.340982,fpgm,TRUE,0.008328605,1.82E-05,FALSE,,0.000443191,TRUE,0.5,2,group,FALSE,,0.003713687,1,COMPLETE
75,0.537622683,0.5,32:24.6,33:21.6,0 days 00:00:56.991679,fpgm,TRUE,1.92E-05,0.001019333,TRUE,0.15,6.80E-05,TRUE,0.5,2,bnscale,TRUE,0.2,0.008327928,1,COMPLETE
74,0.510602205,0.5,31:25.2,32:24.6,0 days 00:00:59.413902,group,TRUE,0.009350779,0.000159252,TRUE,0.2,0.007361477,TRUE,0.5,3,group,TRUE,0.2,0.053607418,1,COMPLETE
27,0.50781534,0.6,48:46.6,49:39.5,0 days 00:00:52.948252,lamp,TRUE,2.26E-05,0.004831371,TRUE,0.45,0.010128039,FALSE,0.6,1,bnscale,TRUE,0.25,0.013888474,0,COMPLETE
55,0.5072095,0.8,14:23.3,15:14.8,0 days 00:00:51.531319,lamp,FALSE,0.003005458,0.001077063,FALSE,,0.037707864,FALSE,0.8,1,base,TRUE,0.35,0.020932173,1,COMPLETE
64,0.504180298,0.8,22:28.8,23:20.2,0 days 00:00:51.411308,lamp,FALSE,0.003565521,6.42E-05,FALSE,,0.034213035,TRUE,0.8,1,bnscale,FALSE,,0.020932173,1,COMPLETE
2,0.495698534,0.9,25:45.7,26:42.9,0 days 00:00:57.165179,fpgm,TRUE,0.007508092,0.003982706,TRUE,0.5,0.182588155,FALSE,0.9,3,group,TRUE,0.35,0.000388793,0,COMPLETE
91,0.482612383,0.5,47:07.4,48:06.5,0 days 00:00:59.193171,fpgm,TRUE,0.003005458,0.00054472,FALSE,,0.000681905,TRUE,0.5,3,bnscale,TRUE,0.5,0.257147339,1,COMPLETE
49,0.479583182,0.5,08:48.0,09:44.3,0 days 00:00:56.288572,fpgm,TRUE,0.007510281,6.59E-05,FALSE,,0.001340202,TRUE,0.5,2,base,FALSE,,0.011001416,0,COMPLETE
79,0.420089664,0.6,36:04.6,37:00.5,0 days 00:00:55.863534,lamp,TRUE,3.29E-05,0.002553633,FALSE,,0.140290379,FALSE,0.6,2,base,TRUE,0.1,0.003713687,1,COMPLETE
50,0.390161154,0.9,09:44.3,10:41.3,0 days 00:00:56.933191,fpgm,FALSE,0.000184443,0.004379882,FALSE,,3.13E-05,TRUE,0.9,3,group,TRUE,0.5,0.004898889,1,COMPLETE
31,0.388343633,0.9,52:20.6,53:12.7,0 days 00:00:52.097927,lamp,FALSE,6.90E-05,0.000466095,TRUE,0.5,0.000563542,FALSE,0.9,1,group,TRUE,0.2,0.008313608,0,COMPLETE
4,0.385435599,0.7,27:35.5,28:32.7,0 days 00:00:57.224125,lamp,FALSE,0.002056521,0.001912035,TRUE,0.35,0.002699318,TRUE,0.7,3,group,TRUE,0.25,0.213958459,0,COMPLETE
8,0.385314431,0.5,31:18.2,32:14.1,0 days 00:00:55.864342,fpgm,FALSE,0.00842663,0.002780231,FALSE,,0.001126388,FALSE,0.5,2,group,FALSE,,0.160448413,0,COMPLETE
14,0.385314431,0.7,36:53.4,37:45.9,0 days 00:00:52.551655,lamp,TRUE,0.000981804,0.000103949,TRUE,0.15,0.00032735,TRUE,0.7,1,base,FALSE,,0.307173652,0,COMPLETE
21,0.385314431,0.6,43:04.4,43:57.4,0 days 00:00:53.063058,lamp,FALSE,0.005967016,0.000530478,FALSE,,0.004251301,FALSE,0.6,1,base,TRUE,0.4,0.199580327,0,COMPLETE
23,0.385314431,0.6,44:54.2,45:49.5,0 days 00:00:55.313499,lamp,FALSE,0.008328605,0.002553633,FALSE,,0.140290379,TRUE,0.6,2,group,FALSE,,0.003713687,0,COMPLETE
25,0.385314431,0.5,46:49.4,47:49.0,0 days 00:00:59.662152,group,TRUE,0.009350779,0.00228045,FALSE,,0.007361477,TRUE,0.5,3,bnscale,FALSE,,0.121443242,0,COMPLETE
69,0.385314431,0.7,26:58.3,27:50.8,0 days 00:00:52.475759,lamp,TRUE,0.000981804,0.000103949,TRUE,0.1,0.00032735,TRUE,0.7,1,base,FALSE,,0.307173652,1,COMPLETE
82,0.385314431,0.7,38:52.0,39:49.4,0 days 00:00:57.386797,fpgm,TRUE,0.007508092,0.000103949,TRUE,0.2,0.182588155,TRUE,0.7,3,base,FALSE,,0.307173652,1,COMPLETE
85,0.385314431,0.5,41:41.2,42:40.4,0 days 00:00:59.253077,group,FALSE,0.006326133,0.004300577,FALSE,,0.948417109,TRUE,0.5,2,base,TRUE,0.05,1.43E-05,1,COMPLETE
80,0.385072095,0.7,37:00.5,37:57.8,0 days 00:00:57.254296,fpgm,FALSE,0.000102467,0.001900596,TRUE,0.45,0.000563542,FALSE,0.7,3,group,TRUE,0.05,0.257147339,1,COMPLETE
88,0.383254574,0.9,44:28.0,45:20.0,0 days 00:00:51.991649,lamp,FALSE,6.90E-05,0.000466095,TRUE,0.2,0.000563542,FALSE,0.9,1,base,TRUE,0.05,0.002835218,1,COMPLETE
68,0.354537744,0.9,26:04.0,26:58.3,0 days 00:00:54.248562,fpgm,TRUE,2.44E-05,0.000452001,TRUE,0.45,0.182588155,TRUE,0.9,2,group,FALSE,,0.000388793,1,COMPLETE
58,0.336241367,0.9,17:02.3,17:54.8,0 days 00:00:52.579509,fpgm,FALSE,3.93E-05,6.00E-05,TRUE,0.2,0.001022981,FALSE,0.9,1,base,TRUE,0.4,0.000300716,1,COMPLETE
26,0.308493881,0.7,47:49.1,48:46.6,0 days 00:00:57.497389,fpgm,FALSE,0.000102467,0.001900596,FALSE,,0.079355342,FALSE,0.7,3,group,TRUE,0.45,0.257147339,0,COMPLETE
97,0.305828184,0.7,52:35.4,53:33.2,0 days 00:00:57.700891,fpgm,TRUE,0.000184443,0.004379882,FALSE,,0.387591916,TRUE,0.7,3,group,TRUE,0.5,0.004898889,1,COMPLETE
83,0.303647159,0.9,39:49.4,40:43.9,0 days 00:00:54.510265,fpgm,TRUE,3.47E-05,1.03E-05,TRUE,0.5,1.77E-05,TRUE,0.9,2,base,TRUE,0.35,0.002421008,1,COMPLETE
53,0.302677814,0.8,12:27.5,13:25.0,0 days 00:00:57.476658,fpgm,FALSE,8.93E-05,0.001900596,FALSE,,0.017440256,TRUE,0.8,3,group,TRUE,0.3,0.257147339,1,COMPLETE
40,0.300133285,0.8,00:37.9,01:31.6,0 days 00:00:53.739417,lamp,TRUE,4.18E-05,0.00105079,TRUE,0.3,1.60E-05,FALSE,0.8,2,group,TRUE,0.05,0.012238908,0,COMPLETE
5,0.288622319,0.7,28:32.8,29:25.1,0 days 00:00:52.288576,fpgm,TRUE,1.25E-05,0.000207331,TRUE,0.15,1.64E-05,TRUE,0.7,1,base,FALSE,,0.363772034,0,COMPLETE
20,0.279292379,0.9,42:09.6,43:04.3,0 days 00:00:54.690693,group,FALSE,2.44E-05,0.000452001,TRUE,0.35,7.79E-05,TRUE,0.9,2,base,FALSE,,0.015370275,0,COMPLETE
93,0.269598934,0.9,48:58.5,49:50.4,0 days 00:00:51.904077,fpgm,FALSE,1.67E-05,3.87E-05,TRUE,0.4,4.98E-05,FALSE,0.9,1,base,TRUE,0.15,0.000300716,1,COMPLETE
15,0.262086514,0.8,37:46.0,38:37.9,0 days 00:00:51.903656,fpgm,TRUE,3.29E-05,0.002662382,FALSE,,0.284721154,FALSE,0.8,1,base,TRUE,0.5,1.73E-05,0,COMPLETE
92,0.261480674,0.9,48:06.6,48:58.4,0 days 00:00:51.877764,group,TRUE,1.67E-05,3.87E-05,FALSE,,0.215815525,FALSE,0.9,1,group,TRUE,0.1,0.026047779,1,COMPLETE
42,0.246213498,0.9,02:24.5,03:16.3,0 days 00:00:51.789966,fpgm,FALSE,3.42E-05,0.006773436,TRUE,0.15,0.003262424,TRUE,0.9,1,group,TRUE,0.2,0.002136937,0,COMPLETE
39,0.233369684,0.8,59:38.9,00:37.9,0 days 00:00:59.007423,lamp,FALSE,1.17E-05,1.47E-05,TRUE,0.45,0.316711454,FALSE,0.8,3,bnscale,TRUE,0.1,1.69E-05,0,COMPLETE
17,0.228280625,0.9,39:29.4,40:24.1,0 days 00:00:54.757361,lamp,TRUE,3.47E-05,0.000234959,TRUE,0.2,1.77E-05,FALSE,0.9,2,bnscale,TRUE,0.2,0.002421008,0,COMPLETE
70,0.227917121,0.9,27:50.8,28:45.3,0 days 00:00:54.552072,fpgm,FALSE,1.67E-05,0.00043122,TRUE,0.15,0.001022981,TRUE,0.9,2,base,FALSE,,0.000300716,1,COMPLETE
81,0.215921483,0.9,37:57.8,38:52.0,0 days 00:00:54.226531,fpgm,FALSE,1.67E-05,3.87E-05,FALSE,,0.001022981,FALSE,0.9,2,base,FALSE,,0.000300716,1,COMPLETE
99,0.21422513,0.5,54:30.5,55:26.1,0 days 00:00:55.691771,fpgm,FALSE,3.29E-05,0.002780231,FALSE,,0.284721154,FALSE,0.5,1,base,FALSE,,0.160448413,1,COMPLETE
61,0.212892282,0.9,19:44.1,20:35.6,0 days 00:00:51.506973,group,TRUE,0.000188854,0.000573976,TRUE,0.1,0.002218468,TRUE,0.9,1,group,TRUE,0.4,0.000280367,1,COMPLETE
43,0.208651399,0.9,03:16.3,04:07.9,0 days 00:00:51.560687,fpgm,FALSE,1.11E-05,0.00634368,FALSE,,2.09E-05,TRUE,0.9,1,base,TRUE,0.2,1.40E-05,0,COMPLETE
66,0.189506846,0.9,24:17.4,25:09.3,0 days 00:00:51.868408,fpgm,FALSE,1.11E-05,0.00634368,FALSE,,0.140290379,TRUE,0.9,1,group,TRUE,0.5,0.000232813,1,COMPLETE
44,0.180176905,0.9,04:07.9,04:59.6,0 days 00:00:51.731909,group,TRUE,2.01E-05,0.000573976,FALSE,,0.002218468,TRUE,0.9,1,group,TRUE,0.1,0.000236813,0,COMPLETE
16,0.1536411,0.9,38:37.9,39:29.3,0 days 00:00:51.463188,fpgm,FALSE,1.67E-05,3.87E-05,TRUE,0.35,0.001022981,FALSE,0.9,1,base,FALSE,,0.000300716,0,COMPLETE
51,0.151338907,0.7,10:41.3,11:33.2,0 days 00:00:51.950200,lamp,TRUE,1.25E-05,0.004831371,TRUE,0.15,1.64E-05,TRUE,0.7,1,base,TRUE,0.4,0.363772034,1,COMPLETE
