number,values_0,values_1,datetime_start,datetime_complete,duration,params_imp_type,params_isomorphic,params_kd_dropout,params_kd_lamb,params_kd_lr_power,params_kd_momentum,params_kd_norm,params_kd_residual,params_kd_scheduler,params_kd_smoothing,params_kd_warnup,params_kd_weight_decay_power,params_mpp,params_mpp_lr_power,params_mpp_scheduler,params_mpp_warnup,params_mpp_weight_decay_power,params_prune_mlp,params_prune_rate,params_prune_step,params_prune_type,params_scheduler,params_warnup,system_attrs_NSGAIISampler:generation,state
90,0.824,11.22337531,52:43.7,53:18.0,0 days 00:00:34.316701,,,0.7,0.35,3,0.995,layer,TRUE,FALSE,0.25,,2,FALSE,,,,,,,,,FALSE,,1,COMPLETE
97,0.818333333,11.2299961,56:31.8,57:06.1,0 days 00:00:34.331289,,,0.35,0.7,3,0.995,layer,TRUE,TRUE,0.15,0.05,3,FALSE,,,,,,,,,TRUE,0.5,1,COMPLETE
59,0.815666667,10.27278618,35:48.4,36:19.8,0 days 00:00:31.479362,,,0.5,0.6,2,0.995,batch,FALSE,TRUE,0.25,0.1,3,FALSE,,,,,,,,,TRUE,0.45,1,COMPLETE
91,0.815333333,10.08223083,53:18.1,53:49.0,0 days 00:00:30.981566,lamp,FALSE,0.7,0.8,2,0.99,layer,FALSE,TRUE,0,0.35,3,TRUE,5,FALSE,,1,FALSE,0.75,3,base,TRUE,0.15,1,COMPLETE
29,0.812666667,10.7347991,19:27.7,20:00.6,0 days 00:00:32.846764,,,0.2,0.7,3,0.99,layer,FALSE,FALSE,0.05,,2,FALSE,,,,,,,,,TRUE,0.5,0,COMPLETE
46,0.810666667,10.03813072,28:44.7,29:15.6,0 days 00:00:30.832937,fpgm,TRUE,0.4,0.35,2,0.99,layer,FALSE,FALSE,0,,3,TRUE,5,FALSE,,3,FALSE,0.8,2,base,TRUE,0.4,0,COMPLETE
10,0.81,12.45885992,08:51.6,09:29.7,0 days 00:00:38.148974,fpgm,TRUE,0.8,0.5,3,0.9,layer,TRUE,FALSE,0.25,,1,TRUE,3,TRUE,0.4,1,FALSE,0.55,5,bnscale,TRUE,0.5,0,COMPLETE
88,0.809666667,10.75678289,51:39.0,52:11.9,0 days 00:00:32.898576,,,0.2,0.8,3,0.99,batch,TRUE,FALSE,0.05,,3,FALSE,,,,,,,,,TRUE,0.3,1,COMPLETE
64,0.808666667,10.80224284,38:29.8,39:02.9,0 days 00:00:33.028109,,,0.35,0.35,2,0.9,batch,TRUE,FALSE,0.05,,4,FALSE,,,,,,,,,FALSE,,1,COMPLETE
27,0.808,10.41031574,18:21.0,18:52.9,0 days 00:00:31.950844,fpgm,FALSE,0.45,0.8,2,0.9,batch,FALSE,FALSE,0.25,,5,TRUE,4,TRUE,0.15,2,FALSE,0.55,3,base,TRUE,0.05,0,COMPLETE
80,0.807666667,11.3563986,47:13.6,47:48.3,0 days 00:00:34.699681,,,0.8,0.8,2,0.99,layer,TRUE,TRUE,0.15,0.5,2,FALSE,,,,,,,,,FALSE,,1,COMPLETE
84,0.807333333,10.69319009,49:26.4,49:59.2,0 days 00:00:32.714528,,,0.2,0.8,2,0.995,,TRUE,FALSE,0.3,,4,FALSE,,,,,,,,,FALSE,,1,COMPLETE
99,0.805666667,10.56400869,57:38.6,58:11.0,0 days 00:00:32.411199,fpgm,TRUE,0.25,0.6,3,0.9,layer,FALSE,FALSE,0.2,,3,TRUE,5,TRUE,0,0,FALSE,0.65,1,base,TRUE,0.45,1,COMPLETE
34,0.804333333,10.90897354,22:09.8,22:43.2,0 days 00:00:33.403074,fpgm,FALSE,,0.4,3,0.99,,,FALSE,0.15,,3,TRUE,4,TRUE,0.2,4,TRUE,0.6,2,bnscale,FALSE,,0,COMPLETE
0,0.803,10.64768099,03:07.9,03:40.6,0 days 00:00:32.675228,fpgm,TRUE,0.75,0.4,4,0.9,batch,TRUE,FALSE,0.3,,2,TRUE,5,TRUE,0.45,2,FALSE,0.75,4,group,FALSE,,0,COMPLETE
71,0.801666667,11.02850641,42:16.8,42:50.6,0 days 00:00:33.811755,group,FALSE,,0.7,3,0.99,,,FALSE,0.2,,2,TRUE,3,FALSE,,5,TRUE,0.5,5,base,FALSE,,1,COMPLETE
7,0.799666667,11.14483185,07:09.7,07:43.8,0 days 00:00:34.146395,lamp,TRUE,,0.25,2,0.9,,,TRUE,0.25,0.4,5,TRUE,5,FALSE,,0,TRUE,0.65,4,bnscale,FALSE,,0,COMPLETE
15,0.799,10.85015962,11:49.1,12:22.3,0 days 00:00:33.200861,,,0.3,0.5,3,0.995,batch,FALSE,TRUE,0.15,0.2,3,FALSE,,,,,,,,,TRUE,0.1,0,COMPLETE
67,0.795666667,10.17205873,40:10.0,40:41.2,0 days 00:00:31.247989,group,TRUE,0.1,0.35,2,0.99,batch,FALSE,FALSE,0.1,,5,TRUE,5,TRUE,0.05,1,FALSE,0.65,1,bnscale,FALSE,,1,COMPLETE
60,0.794666667,10.67935793,36:19.9,36:52.5,0 days 00:00:32.647031,,,0.4,0.5,4,0.9,layer,FALSE,FALSE,0.1,,1,FALSE,,,,,,,,,FALSE,,1,COMPLETE
65,0.793666667,11.2992874,39:02.9,39:37.4,0 days 00:00:34.531211,,,0.35,0.7,3,0.9,layer,TRUE,FALSE,0.05,,4,FALSE,,,,,,,,,TRUE,0.35,1,COMPLETE
72,0.793666667,10.10317469,42:50.7,43:21.6,0 days 00:00:30.939543,,,0.2,0.2,2,0.995,,FALSE,FALSE,0.25,,3,FALSE,,,,,,,,,TRUE,0.15,1,COMPLETE
95,0.792666667,11.20686118,55:24.7,55:59.0,0 days 00:00:34.259136,,,0.15,0.35,3,0.995,layer,TRUE,TRUE,0.3,0.5,5,FALSE,,,,,,,,,TRUE,0.05,1,COMPLETE
33,0.792,11.11749591,21:35.7,22:09.7,0 days 00:00:34.030714,lamp,TRUE,,0.85,3,0.9,,,FALSE,0.3,,4,TRUE,5,FALSE,,0,TRUE,0.5,2,group,TRUE,0.45,0,COMPLETE
38,0.792,10.39229514,24:21.9,24:53.7,0 days 00:00:31.784790,,,0.65,0.5,4,0.99,batch,FALSE,FALSE,0.3,,4,FALSE,,,,,,,,,FALSE,,0,COMPLETE
94,0.792,10.17329373,54:53.6,55:24.7,0 days 00:00:31.152824,,,0.8,0.2,2,0.99,,FALSE,FALSE,0.25,,5,FALSE,,,,,,,,,TRUE,0.4,1,COMPLETE
6,0.791666667,11.34228097,06:35.0,07:09.7,0 days 00:00:34.674640,,,0.7,0.8,4,0.99,layer,FALSE,FALSE,0.15,,2,FALSE,,,,,,,,,TRUE,0.4,0,COMPLETE
11,0.791666667,11.19244112,09:29.7,10:04.1,0 days 00:00:34.342970,fpgm,TRUE,0.4,0.35,2,0.995,batch,FALSE,FALSE,0.05,,3,TRUE,4,TRUE,0.45,0,FALSE,0.6,5,bnscale,FALSE,,0,COMPLETE
81,0.785666667,10.43980986,47:48.4,48:20.3,0 days 00:00:31.971254,,,0.45,0.8,3,0.9,batch,FALSE,TRUE,0.05,0.15,5,FALSE,,,,,,,,,TRUE,0.15,1,COMPLETE
76,0.784666667,11.25490106,45:03.9,45:38.3,0 days 00:00:34.419916,,,0.4,0.8,4,0.995,layer,TRUE,TRUE,0.3,0.2,5,FALSE,,,,,,,,,TRUE,0.1,1,COMPLETE
17,0.784,10.50308093,12:53.3,13:25.5,0 days 00:00:32.166608,,,0.25,0.2,4,0.995,batch,TRUE,TRUE,0,0.45,2,FALSE,,,,,,,,,TRUE,0.5,0,COMPLETE
36,0.783666667,10.30569348,23:17.0,23:48.5,0 days 00:00:31.541578,,,0.8,0.8,2,0.995,,FALSE,TRUE,0.25,0.15,3,FALSE,,,,,,,,,TRUE,0.15,0,COMPLETE
52,0.783333333,10.7145405,32:01.5,32:34.3,0 days 00:00:32.855082,group,TRUE,,0.2,2,0.9,,,FALSE,0.2,,4,TRUE,4,FALSE,,0,TRUE,0.9,2,bnscale,TRUE,0.25,1,COMPLETE
79,0.783333333,10.51690331,46:41.3,47:13.6,0 days 00:00:32.271398,fpgm,FALSE,0.4,0.85,2,0.9,,FALSE,FALSE,0.3,,3,TRUE,4,TRUE,0.25,2,FALSE,0.5,2,group,TRUE,0.15,1,COMPLETE
44,0.783,10.23083936,27:40.7,28:12.2,0 days 00:00:31.413845,lamp,FALSE,0.3,0.15,3,0.99,,TRUE,TRUE,0.3,0.2,3,TRUE,4,FALSE,,3,FALSE,0.85,3,bnscale,TRUE,0,0,COMPLETE
82,0.783,10.45701242,48:20.4,48:52.4,0 days 00:00:32.019421,,,0.75,0.05,4,0.99,layer,FALSE,TRUE,0,0.1,4,FALSE,,,,,,,,,TRUE,0.4,1,COMPLETE
74,0.780333333,10.77905492,43:58.3,44:31.3,0 days 00:00:33.040342,,,0.55,0.2,4,0.99,batch,TRUE,TRUE,0.05,0.25,5,FALSE,,,,,,,,,TRUE,0.4,1,COMPLETE
96,0.778333333,10.6853086,55:59.0,56:31.7,0 days 00:00:32.714832,group,TRUE,,0.4,2,0.99,,,TRUE,0.15,0.25,3,TRUE,4,FALSE,,1,TRUE,0.9,2,base,FALSE,,1,COMPLETE
28,0.777666667,11.3679135,18:53.0,19:27.7,0 days 00:00:34.736103,,,0.4,0.9,4,0.9,layer,TRUE,TRUE,0.25,0.25,2,FALSE,,,,,,,,,TRUE,0,0,COMPLETE
40,0.776666667,10.79204056,25:28.1,26:01.1,0 days 00:00:33.028065,,,0.45,0.25,2,0.995,batch,TRUE,TRUE,0.1,0.5,1,FALSE,,,,,,,,,TRUE,0.25,0,COMPLETE
26,0.775666667,10.63546727,17:48.3,18:21.0,0 days 00:00:32.622673,lamp,FALSE,0.25,0.3,4,0.99,batch,FALSE,TRUE,0.05,0.3,2,TRUE,4,TRUE,0.25,5,FALSE,0.5,2,group,TRUE,0.45,0,COMPLETE
55,0.775333333,9.967419635,33:39.8,34:10.4,0 days 00:00:30.605057,lamp,FALSE,0.15,0.7,2,0.995,,FALSE,FALSE,0.05,,4,TRUE,3,FALSE,,2,FALSE,0.7,3,bnscale,FALSE,,1,COMPLETE
13,0.773333333,12.01388231,10:40.1,11:16.9,0 days 00:00:36.799726,fpgm,FALSE,,0.35,2,0.995,,,FALSE,0.1,,5,TRUE,2,FALSE,,5,TRUE,0.6,5,base,FALSE,,0,COMPLETE
12,0.772666667,11.75319798,10:04.1,10:40.1,0 days 00:00:35.950296,,,0.25,0.55,3,0.995,,TRUE,TRUE,0.05,0.45,3,FALSE,,,,,,,,,TRUE,0.25,0,COMPLETE
53,0.772666667,11.02222707,32:34.3,33:08.0,0 days 00:00:33.706005,,,0.35,0.5,5,0.995,layer,TRUE,FALSE,0,,4,FALSE,,,,,,,,,FALSE,,1,COMPLETE
75,0.772333333,10.61612633,44:31.4,45:03.9,0 days 00:00:32.517927,,,0.15,0.55,3,0.995,,TRUE,TRUE,0.05,0.4,3,FALSE,,,,,,,,,TRUE,0.2,1,COMPLETE
45,0.772,10.64253072,28:12.2,28:44.7,0 days 00:00:32.541614,,,0.1,0.3,5,0.9,layer,FALSE,FALSE,0.1,,4,FALSE,,,,,,,,,FALSE,,0,COMPLETE
1,0.766333333,11.23239365,03:40.6,04:15.0,0 days 00:00:34.392120,fpgm,TRUE,,0.8,4,0.99,,,FALSE,0.3,,0,TRUE,2,FALSE,,1,TRUE,0.55,1,group,TRUE,0.4,0,COMPLETE
70,0.762,10.11627227,41:45.7,42:16.8,0 days 00:00:31.078969,lamp,TRUE,0.4,0.75,5,0.99,batch,FALSE,TRUE,0.25,0.35,4,TRUE,3,TRUE,0.4,0,FALSE,0.75,4,base,FALSE,,1,COMPLETE
41,0.761333333,11.04936128,26:01.2,26:34.9,0 days 00:00:33.793388,,,0.65,0.7,3,0.99,,TRUE,FALSE,0.1,,3,FALSE,,,,,,,,,TRUE,0.3,0,COMPLETE
58,0.760666667,10.2015715,35:17.1,35:48.3,0 days 00:00:31.254829,,,0.45,0.5,3,0.995,,FALSE,TRUE,0.15,0.45,3,FALSE,,,,,,,,,TRUE,0.2,1,COMPLETE
43,0.756333333,10.22059855,27:09.4,27:40.7,0 days 00:00:31.293741,,,0.35,0.6,3,0.9,,FALSE,TRUE,0.2,0.45,3,FALSE,,,,,,,,,TRUE,0.1,0,COMPLETE
49,0.756333333,10.75445718,30:22.7,30:55.7,0 days 00:00:32.938839,lamp,TRUE,,0.5,4,0.995,,,TRUE,0.3,0.5,5,TRUE,4,TRUE,0.05,1,TRUE,0.85,3,group,FALSE,,0,COMPLETE
20,0.755666667,10.68699869,14:31.4,15:04.2,0 days 00:00:32.799921,fpgm,TRUE,0.35,0.8,2,0.99,layer,TRUE,TRUE,0,0.5,3,TRUE,3,TRUE,0.05,1,FALSE,0.85,4,bnscale,TRUE,0.15,0,COMPLETE
78,0.753333333,10.00110257,46:10.7,46:41.3,0 days 00:00:30.647626,,,0.45,0.35,2,0.9,batch,FALSE,TRUE,0,0.45,0,FALSE,,,,,,,,,TRUE,0,1,COMPLETE
93,0.749,10.66455112,54:20.9,54:53.5,0 days 00:00:32.679472,group,TRUE,,0.35,4,0.99,,,TRUE,0.15,0.5,2,TRUE,2,FALSE,,4,TRUE,0.85,4,base,FALSE,,1,COMPLETE
22,0.747333333,10.81713109,15:36.0,16:09.1,0 days 00:00:33.063461,,,0.2,0.35,3,0.99,layer,FALSE,FALSE,0.1,,0,FALSE,,,,,,,,,TRUE,0.1,0,COMPLETE
89,0.747333333,10.38054497,52:11.9,52:43.7,0 days 00:00:31.786674,,,0.3,0.1,6,0.9,batch,FALSE,TRUE,0.15,0.2,4,FALSE,,,,,,,,,FALSE,,1,COMPLETE
73,0.742,11.24061335,43:21.6,43:58.3,0 days 00:00:36.654711,,,0.25,0.05,6,0.99,layer,TRUE,TRUE,0.1,0.25,4,FALSE,,,,,,,,,TRUE,0.45,1,COMPLETE
35,0.721333333,11.00741658,22:43.2,23:16.9,0 days 00:00:33.758507,lamp,FALSE,0.3,0.75,6,0.99,layer,TRUE,TRUE,0.15,0.15,5,TRUE,4,TRUE,0.5,1,FALSE,0.85,3,group,TRUE,0.25,0,COMPLETE
57,0.711333333,11.09163726,34:43.1,35:17.1,0 days 00:00:33.993075,group,TRUE,0.1,0.75,6,0.99,layer,TRUE,TRUE,0.2,0.1,5,TRUE,5,FALSE,,5,FALSE,0.65,3,bnscale,FALSE,,1,COMPLETE
54,0.707333333,10.35247839,33:08.1,33:39.8,0 days 00:00:31.703840,,,0.7,0.85,2,0.99,batch,FALSE,FALSE,0.15,,0,FALSE,,,,,,,,,TRUE,0.1,1,COMPLETE
86,0.705,10.6294238,50:32.8,51:05.3,0 days 00:00:32.516502,,,0.75,0.65,4,0.99,,TRUE,FALSE,0.15,,2,FALSE,,,,,,,,,TRUE,0.2,1,COMPLETE
2,0.694666667,10.99819599,04:15.0,04:48.7,0 days 00:00:33.630762,,,0.8,0.85,6,0.99,batch,FALSE,TRUE,0.15,0.4,3,FALSE,,,,,,,,,FALSE,,0,COMPLETE
19,0.686333333,10.82388557,13:58.3,14:31.4,0 days 00:00:33.099459,,,0.3,0.35,6,0.99,layer,FALSE,TRUE,0.15,0.4,4,FALSE,,,,,,,,,TRUE,0.3,0,COMPLETE
83,0.686333333,11.10863461,48:52.4,49:26.4,0 days 00:00:34.018594,group,FALSE,,0.8,5,0.9,,,TRUE,0.3,0,3,TRUE,2,FALSE,,0,TRUE,0.55,1,group,TRUE,0,1,COMPLETE
8,0.684333333,11.35594129,07:43.8,08:18.6,0 days 00:00:34.797788,group,TRUE,0.8,0.2,2,0.9,batch,TRUE,FALSE,0.2,,0,TRUE,4,FALSE,,1,FALSE,0.55,3,base,TRUE,0.05,0,COMPLETE
85,0.682,10.95212008,49:59.2,50:32.8,0 days 00:00:33.588080,group,TRUE,0.4,0.2,2,0.9,layer,TRUE,FALSE,0.2,,0,TRUE,3,FALSE,,2,FALSE,0.8,4,group,TRUE,0.35,1,COMPLETE
21,0.676666667,10.36382909,15:04.3,15:36.0,0 days 00:00:31.723050,,,0.35,0.75,5,0.99,,TRUE,FALSE,0,,4,FALSE,,,,,,,,,FALSE,,0,COMPLETE
50,0.639666667,10.53244456,30:55.7,31:28.1,0 days 00:00:32.358826,lamp,FALSE,0.45,0.75,6,0.995,,TRUE,TRUE,0.2,0.05,5,TRUE,4,TRUE,0.4,1,FALSE,0.65,1,group,FALSE,,1,COMPLETE
3,0.634666667,11.55753403,04:48.7,05:24.1,0 days 00:00:35.406079,fpgm,TRUE,,0.05,6,0.99,,,TRUE,0.15,0,4,TRUE,5,FALSE,,3,TRUE,0.75,5,base,FALSE,,0,COMPLETE
25,0.606666667,10.98734332,17:14.8,17:48.3,0 days 00:00:33.568430,,,0.25,0.65,6,0.99,layer,TRUE,FALSE,0,,3,FALSE,,,,,,,,,FALSE,,0,COMPLETE
9,0.6,10.72646836,08:18.7,08:51.5,0 days 00:00:32.880451,fpgm,FALSE,,0.8,5,0.99,,,TRUE,0,0.05,1,TRUE,5,TRUE,0.2,4,TRUE,0.7,2,group,FALSE,,0,COMPLETE
69,0.593,10.34942843,41:14.0,41:45.7,0 days 00:00:31.731335,fpgm,TRUE,,0.8,2,0.99,,,FALSE,0,,0,TRUE,4,TRUE,0.05,5,TRUE,0.7,1,bnscale,TRUE,0.2,1,COMPLETE
42,0.586,11.25007561,26:35.0,27:09.4,0 days 00:00:34.437404,lamp,FALSE,,0.1,5,0.9,,,FALSE,0.3,,1,TRUE,5,FALSE,,3,TRUE,0.5,5,bnscale,FALSE,,0,COMPLETE
92,0.546666667,10.35904196,53:49.1,54:20.8,0 days 00:00:31.781355,fpgm,TRUE,0.2,0.35,6,0.995,,TRUE,TRUE,0.05,0.35,4,TRUE,4,FALSE,,1,FALSE,0.85,3,bnscale,FALSE,,1,COMPLETE
18,0.520333333,10.68917967,13:25.5,13:58.3,0 days 00:00:32.786832,group,TRUE,,0.7,6,0.995,,,TRUE,0,0.4,4,TRUE,3,TRUE,0.1,0,TRUE,0.6,5,group,FALSE,,0,COMPLETE
4,0.511666667,11.30155792,05:24.1,05:58.7,0 days 00:00:34.577004,,,0.1,0.05,6,0.99,,TRUE,TRUE,0.1,0,4,FALSE,,,,,,,,,TRUE,0,0,COMPLETE
48,0.459,11.1329543,29:48.6,30:22.7,0 days 00:00:34.078899,lamp,TRUE,,0.4,6,0.995,,,TRUE,0.2,0.45,5,TRUE,2,FALSE,,4,TRUE,0.5,1,group,FALSE,,0,COMPLETE
47,0.449666667,10.77917976,29:15.6,29:48.6,0 days 00:00:33.024551,group,FALSE,,0.2,6,0.9,,,FALSE,0.2,,4,TRUE,2,TRUE,0.45,0,TRUE,0.8,2,base,TRUE,0.25,0,COMPLETE
98,0.441,10.59001508,57:06.1,57:38.6,0 days 00:00:32.448873,lamp,FALSE,,0.05,6,0.99,,,FALSE,0.15,,3,TRUE,3,FALSE,,0,TRUE,0.75,2,group,FALSE,,1,COMPLETE
23,0.435,10.80210949,16:09.1,16:42.1,0 days 00:00:33.039512,,,0.1,0.9,6,0.995,layer,FALSE,FALSE,0.05,,4,FALSE,,,,,,,,,TRUE,0.3,0,COMPLETE
16,0.428,10.068786,12:22.4,12:53.3,0 days 00:00:30.930224,fpgm,FALSE,0.25,0.1,6,0.9,,FALSE,TRUE,0,0,4,TRUE,5,FALSE,,5,FALSE,0.65,2,group,FALSE,,0,COMPLETE
5,0.425333333,11.84450163,05:58.7,06:35.0,0 days 00:00:36.244278,fpgm,TRUE,,0.5,6,0.9,,,FALSE,0.2,,5,TRUE,5,TRUE,0.2,5,TRUE,0.5,5,group,FALSE,,0,COMPLETE
87,0.419,10.97421552,51:05.3,51:39.0,0 days 00:00:33.637928,lamp,TRUE,,0.5,6,0.9,,,FALSE,0.2,,5,TRUE,2,TRUE,0.3,5,TRUE,0.6,4,group,FALSE,,1,COMPLETE
31,0.417,10.27000017,20:32.5,21:03.9,0 days 00:00:31.445106,,,0.7,0.3,2,0.9,,FALSE,TRUE,0.3,0.1,1,FALSE,,,,,,,,,TRUE,0.05,0,COMPLETE
77,0.415666667,10.52481607,45:38.3,46:10.6,0 days 00:00:32.300242,lamp,TRUE,,0.2,6,0.9,,,FALSE,0.2,,4,TRUE,3,TRUE,0.35,3,TRUE,0.75,2,group,TRUE,0.35,1,COMPLETE
61,0.410666667,10.60096283,36:52.5,37:25.0,0 days 00:00:32.511745,fpgm,TRUE,,0.8,6,0.99,,,TRUE,0.15,0.15,3,TRUE,2,TRUE,0.35,4,TRUE,0.75,3,bnscale,FALSE,,1,COMPLETE
51,0.406666667,10.87247986,31:28.1,32:01.4,0 days 00:00:33.345279,group,FALSE,0.75,0.55,2,0.99,,TRUE,TRUE,0.25,0.3,0,TRUE,4,FALSE,,3,FALSE,0.5,5,bnscale,FALSE,,1,COMPLETE
32,0.404,10.37025089,21:04.0,21:35.7,0 days 00:00:31.736846,,,0.15,0.35,2,0.9,,TRUE,TRUE,0,0.45,0,FALSE,,,,,,,,,TRUE,0.25,0,COMPLETE
24,0.399333333,10.65452923,16:42.2,17:14.7,0 days 00:00:32.575579,,,0.5,0.3,4,0.995,,TRUE,FALSE,0.3,,0,FALSE,,,,,,,,,TRUE,0,0,COMPLETE
63,0.399333333,10.26312303,37:58.4,38:29.8,0 days 00:00:31.438191,,,0.55,0.55,2,0.9,,FALSE,FALSE,0.1,,1,FALSE,,,,,,,,,TRUE,0.35,1,COMPLETE
14,0.396333333,10.48290192,11:16.9,11:49.1,0 days 00:00:32.212836,group,TRUE,0.6,0.15,6,0.99,,FALSE,TRUE,0.05,0.15,1,TRUE,5,FALSE,,0,FALSE,0.7,3,group,FALSE,,0,COMPLETE
62,0.394,10.85491771,37:25.1,37:58.4,0 days 00:00:33.286975,fpgm,TRUE,0.65,0.2,6,0.9,,TRUE,FALSE,0.2,,2,TRUE,5,FALSE,,1,FALSE,0.55,1,group,TRUE,0.5,1,COMPLETE
30,0.387,10.38766062,20:00.6,20:32.5,0 days 00:00:31.875573,group,FALSE,0.5,0.25,5,0.99,,FALSE,TRUE,0.25,0.1,2,TRUE,5,FALSE,,5,FALSE,0.55,1,base,FALSE,,0,COMPLETE
37,0.383333333,10.89000336,23:48.5,24:21.9,0 days 00:00:33.341852,fpgm,FALSE,,0.7,6,0.9,,,FALSE,0.3,,5,TRUE,3,FALSE,,1,TRUE,0.7,4,bnscale,TRUE,0.2,0,COMPLETE
56,0.365333333,10.64494853,34:10.4,34:43.1,0 days 00:00:32.639157,fpgm,TRUE,,0.15,6,0.9,,,TRUE,0.3,0.15,0,TRUE,2,FALSE,,4,TRUE,0.85,3,base,TRUE,0.05,1,COMPLETE
66,0.362333333,10.60976655,39:37.4,40:09.9,0 days 00:00:32.501583,group,TRUE,,0.75,6,0.99,,,FALSE,0.15,,5,TRUE,2,FALSE,,0,TRUE,0.85,2,bnscale,TRUE,0.05,1,COMPLETE
68,0.337,10.66506982,40:41.2,41:13.9,0 days 00:00:32.705343,lamp,FALSE,,0.7,6,0.99,,,TRUE,0.15,0.5,5,TRUE,2,FALSE,,3,TRUE,0.85,1,bnscale,FALSE,,1,COMPLETE
39,0.336666667,11.24030767,24:53.7,25:28.1,0 days 00:00:34.375757,fpgm,FALSE,,0.9,6,0.99,,,FALSE,0.25,,4,TRUE,5,TRUE,0.15,1,TRUE,0.5,1,group,FALSE,,0,COMPLETE
