number,values_0,values_1,datetime_start,datetime_complete,duration,system_attrs_NSGAIISampler:generation,state,params_prune_rate,params_lr,params_weight_decay,params_warmup,params_scheduler,params_T_0,params_prune_lr,params_prune_weight_decay,params_prune_step,params_prune_scheduler,params_prune_T_0,params_prune_warmup,params_pruner_type,params_imp_type,params_isomorphic
64,0.9325093905246576,0.5,2025-05-15 06:46:09.151538,2025-05-15 06:47:05.819269,0 days 00:00:56.667731,1,COMPLETE,0.5,0.0006057516415842402,5.396734243713412e-05,0.05,False,,0.00022581019902752643,0.0012970616685260654,2,True,60.0,0.15,group,group,False
20,0.9270568278201866,0.5,2025-05-15 06:04:23.864684,2025-05-15 06:05:21.200020,0 days 00:00:57.335336,0,COMPLETE,0.5,0.0004364549083056753,0.00010549229453982874,0.1,True,60.0,1.7668030324071973e-05,0.10070074074190903,2,True,60.0,0.0,bnscale,fpgm,False
56,0.9270568278201866,0.5,2025-05-15 06:38:35.744494,2025-05-15 06:39:32.205940,0 days 00:00:56.461446,1,COMPLETE,0.5,0.0004364549083056753,0.00010549229453982874,0.1,True,30.0,0.0006484918908653943,0.10070074074190903,2,False,,0.1,bnscale,lamp,False
94,0.9263298194595905,0.6,2025-05-15 07:14:25.656087,2025-05-15 07:15:22.104167,0 days 00:00:56.448080,1,COMPLETE,0.6,0.0033673638748571507,0.00022002493888543647,0.1,False,,0.0013636406173609186,0.0005201221732515947,2,True,60.0,0.05,group,lamp,True
84,0.926208651399491,0.6,2025-05-15 07:04:53.685777,2025-05-15 07:05:48.680800,0 days 00:00:54.995023,1,COMPLETE,0.6,0.0013125164475291254,7.510822769730524e-05,0.15,True,150.0,3.194939881688745e-05,0.013877163009807885,3,False,,0.05,base,fpgm,False
32,0.9258451472191931,0.5,2025-05-15 06:15:37.936573,2025-05-15 06:16:35.044831,0 days 00:00:57.108258,0,COMPLETE,0.5,0.0033673638748571507,2.7054673740696366e-05,0.1,False,,0.0013636406173609186,0.0002161054729310518,2,True,150.0,0.05,group,fpgm,False
19,0.925845147219193,0.5,2025-05-15 06:03:27.494676,2025-05-15 06:04:23.841359,0 days 00:00:56.346683,0,COMPLETE,0.5,0.00555804179103023,0.00012015903146951601,0.1,True,90.0,0.0007277337668022851,2.0487867676493235e-05,3,False,,0.0,base,fpgm,False
40,0.9245122985581001,0.7,2025-05-15 06:23:20.880390,2025-05-15 06:24:16.221623,0 days 00:00:55.341233,0,COMPLETE,0.7,0.00321386119634746,0.00011209261010586792,0.1,False,,0.0005455174797744438,0.001080097791176753,2,True,150.0,0.15,bnscale,group,True
97,0.9235429540773051,0.6,2025-05-15 07:17:20.640532,2025-05-15 07:18:17.764447,0 days 00:00:57.123915,1,COMPLETE,0.6,0.0033673638748571507,2.7054673740696366e-05,0.1,False,,2.696992830283304e-05,0.0002161054729310518,2,True,150.0,0.05,group,fpgm,False
15,0.9209984248152187,0.7,2025-05-15 05:59:38.461770,2025-05-15 06:00:33.160293,0 days 00:00:54.698523,0,COMPLETE,0.7,0.0017327585331401076,5.396734243713412e-05,0.1,False,,0.0009576235100077977,0.0012970616685260654,3,True,120.0,0.05,group,group,False
62,0.920392584514722,0.7,2025-05-15 06:44:14.835986,2025-05-15 06:45:13.178377,0 days 00:00:58.342391,1,COMPLETE,0.7,0.0013125164475291254,5.6975039542149146e-05,0.0,False,,0.001981378999145378,0.011117835000082874,1,False,,0.1,group,fpgm,False
59,0.9197867442142251,0.5,2025-05-15 06:41:24.100801,2025-05-15 06:42:20.638974,0 days 00:00:56.538173,1,COMPLETE,0.5,0.00036309897231375714,8.691241991530722e-05,0.0,False,,0.004710491649448627,0.04821628881968747,3,False,,0.0,group,fpgm,True
29,0.9195444080940264,0.7,2025-05-15 06:12:49.292900,2025-05-15 06:13:47.240448,0 days 00:00:57.947548,0,COMPLETE,0.7,0.0013125164475291254,7.510822769730524e-05,0.15,True,120.0,0.001981378999145378,0.013877163009807885,1,False,,0.1,bnscale,fpgm,False
91,0.9195444080940264,0.7,2025-05-15 07:11:36.550959,2025-05-15 07:12:34.524358,0 days 00:00:57.973399,1,COMPLETE,0.7,0.0005364950066658544,4.49387351036044e-05,0.1,False,,0.002922868191660872,0.003282032087436403,2,False,,0.05,base,fpgm,True
73,0.9194232400339271,0.7,2025-05-15 06:54:30.365365,2025-05-15 06:55:25.228627,0 days 00:00:54.863262,1,COMPLETE,0.7,0.0012458482526726408,1.8961423195235765e-05,0.0,True,90.0,0.004887283980860153,1.9706392905360564e-05,3,True,30.0,0.0,group,fpgm,False
96,0.9183327274930329,0.5,2025-05-15 07:16:21.924172,2025-05-15 07:17:20.618276,0 days 00:00:58.694104,1,COMPLETE,0.5,0.000176191524153399,1.9437110304529664e-05,0.1,True,120.0,0.00024401293027820087,0.0009558704784831882,2,True,60.0,0.15,base,fpgm,False
25,0.9171210468920393,0.7,2025-05-15 06:09:07.926095,2025-05-15 06:10:03.428783,0 days 00:00:55.502688,0,COMPLETE,0.7,0.0005364950066658544,4.49387351036044e-05,0.1,False,,0.002922868191660872,0.003282032087436403,2,False,,0.05,base,fpgm,True
76,0.914697685690052,0.5,2025-05-15 06:57:18.323824,2025-05-15 06:58:15.769968,0 days 00:00:57.446144,1,COMPLETE,0.5,0.00015534125660800397,1.552058878280569e-05,0.1,False,,0.0029555679808751082,5.678904842129495e-05,2,True,30.0,0.05,base,group,True
41,0.9140918453895552,0.7,2025-05-15 06:24:16.242938,2025-05-15 06:25:12.239225,0 days 00:00:55.996287,0,COMPLETE,0.7,0.0010588668434133339,7.332952839448886e-05,0.1,False,,0.0010789016970020866,0.054049357233897366,2,True,90.0,0.05,base,lamp,True
63,0.913970677329456,0.7,2025-05-15 06:45:13.200430,2025-05-15 06:46:09.127466,0 days 00:00:55.927036,1,COMPLETE,0.7,0.0026435224214630053,7.510822769730524e-05,0.15,True,60.0,6.981973584625775e-05,6.0259775698556766e-05,2,False,,0.0,base,fpgm,False
28,0.9123954925481644,0.6,2025-05-15 06:11:53.762390,2025-05-15 06:12:49.268697,0 days 00:00:55.506307,0,COMPLETE,0.6,0.0007776372358172879,0.0005646118493442442,0.15,False,,5.574059357705658e-05,0.016839170232812107,3,True,60.0,0.05,base,fpgm,False
13,0.90754877014419,0.5,2025-05-15 05:57:41.724849,2025-05-15 05:58:42.293930,0 days 00:01:00.569081,0,COMPLETE,0.5,0.000176191524153399,1.9437110304529664e-05,0.05,True,60.0,0.00024401293027820087,0.0009558704784831882,1,True,60.0,0.15,group,group,False
92,0.9054889131225009,0.5,2025-05-15 07:12:34.551367,2025-05-15 07:13:31.374566,0 days 00:00:56.823199,1,COMPLETE,0.5,0.00015534125660800397,0.00012015903146951601,0.1,True,120.0,0.0029555679808751082,5.678904842129495e-05,3,False,,0.0,base,fpgm,False
88,0.9052465770023023,0.7,2025-05-15 07:08:41.550827,2025-05-15 07:09:37.357756,0 days 00:00:55.806929,1,COMPLETE,0.7,0.0010588668434133339,0.00035371325804798686,0.1,False,,0.0010789016970020866,0.054049357233897366,2,False,,0.05,base,lamp,True
51,0.9051254089422028,0.5,2025-05-15 06:33:46.287388,2025-05-15 06:34:43.764968,0 days 00:00:57.477580,1,COMPLETE,0.5,0.00015534125660800397,5.396734243713412e-05,0.1,True,90.0,0.00039991729887617035,1.2631468865350567e-05,2,True,30.0,0.05,base,group,False
79,0.9036713922210104,0.5,2025-05-15 07:00:10.750097,2025-05-15 07:01:07.352372,0 days 00:00:56.602275,1,COMPLETE,0.5,0.00034911444370788774,0.002350951552140988,0.15,True,150.0,0.002510491817540475,1.9706392905360564e-05,2,False,,0.0,base,lamp,True
75,0.8982188295165394,0.5,2025-05-15 06:56:20.807942,2025-05-15 06:57:18.301500,0 days 00:00:57.493558,1,COMPLETE,0.5,0.00015534125660800397,8.691241991530722e-05,0.15,True,30.0,0.0010403614571643544,5.678904842129495e-05,2,True,60.0,0.0,base,group,True
24,0.8978553253362413,0.6,2025-05-15 06:08:12.225645,2025-05-15 06:09:07.904542,0 days 00:00:55.678897,0,COMPLETE,0.6,0.00046300041569519786,5.6975039542149146e-05,0.0,False,,0.004710491649448627,0.011117835000082874,3,False,,0.0,group,lamp,False
70,0.8943414515933599,0.6,2025-05-15 06:51:43.541951,2025-05-15 06:52:38.788431,0 days 00:00:55.246480,1,COMPLETE,0.6,0.00016686178265048232,0.0005646118493442442,0.15,False,,4.846223775738766e-05,0.007023197000872048,3,True,150.0,0.05,bnscale,fpgm,False
80,0.8926450987519688,0.5,2025-05-15 07:01:07.376012,2025-05-15 07:02:04.991434,0 days 00:00:57.615422,1,COMPLETE,0.5,0.00015534125660800397,0.0026265424968689886,0.1,True,30.0,0.0029555679808751082,5.678904842129495e-05,2,True,120.0,0.1,base,group,True
12,0.8892523930691869,0.7,2025-05-15 05:56:45.639029,2025-05-15 05:57:41.703283,0 days 00:00:56.064254,0,COMPLETE,0.7,0.00034911444370788774,1.8961423195235765e-05,0.0,True,60.0,0.002510491817540475,1.9706392905360564e-05,2,False,,0.0,group,group,True
34,0.8880407124681934,0.6,2025-05-15 06:17:32.881752,2025-05-15 06:18:28.201079,0 days 00:00:55.319327,0,COMPLETE,0.6,0.0008339856307832563,0.0009483410226814314,0.1,True,60.0,0.00037496515109139986,0.002019613469466822,3,True,60.0,0.0,base,fpgm,False
55,0.8875560402277959,0.5,2025-05-15 06:37:33.924397,2025-05-15 06:38:35.720088,0 days 00:01:01.795691,1,COMPLETE,0.5,0.00012063470306551188,1.9437110304529664e-05,0.05,True,120.0,3.194939881688745e-05,1.6091709250647212e-05,1,False,,0.15,base,fpgm,False
2,0.8873137041075972,0.5,2025-05-15 05:47:14.019571,2025-05-15 05:48:16.563152,0 days 00:01:02.543581,0,COMPLETE,0.5,0.00012680258280955815,8.691241991530722e-05,0.15,True,120.0,0.0010403614571643544,0.04821628881968747,3,False,,0.0,base,group,True
33,0.8812553011026294,0.5,2025-05-15 06:16:35.068629,2025-05-15 06:17:32.857720,0 days 00:00:57.789091,0,COMPLETE,0.5,0.00015534125660800397,0.0026265424968689886,0.1,True,60.0,0.0029555679808751082,5.678904842129495e-05,2,True,60.0,0.1,base,group,True
53,0.8659881255301102,0.7,2025-05-15 06:35:39.362458,2025-05-15 06:36:37.950570,0 days 00:00:58.588112,1,COMPLETE,0.7,0.000176191524153399,1.9437110304529664e-05,0.05,False,,0.00024401293027820087,0.04859869196979377,1,False,,0.15,group,lamp,True
69,0.8558100084817643,0.7,2025-05-15 06:50:47.543463,2025-05-15 06:51:43.519568,0 days 00:00:55.976105,1,COMPLETE,0.7,0.0001953023074164875,4.49387351036044e-05,0.1,True,90.0,0.002922868191660872,0.003282032087436403,2,True,150.0,0.05,base,fpgm,True
21,0.8531443111595785,0.5,2025-05-15 06:05:21.223972,2025-05-15 06:06:21.531015,0 days 00:01:00.307043,0,COMPLETE,0.5,0.00013514389996179465,0.0001851881497951842,0.0,False,,0.0005484023271978838,0.0015064262222648159,1,True,90.0,0.0,group,fpgm,False
95,0.8474494123349084,0.6,2025-05-15 07:15:22.126320,2025-05-15 07:16:21.901178,0 days 00:00:59.774858,1,COMPLETE,0.6,8.89438607456834e-05,1.5147730693335844e-05,0.1,False,,0.0039663309706373055,0.021425297363748663,1,True,30.0,0.05,group,lamp,False
71,0.8344844299042772,0.7,2025-05-15 06:52:38.810584,2025-05-15 06:53:34.351924,0 days 00:00:55.541340,1,COMPLETE,0.7,0.0005364950066658544,0.003501950499063125,0.1,True,60.0,0.002922868191660872,0.0001365844092601976,2,True,60.0,0.1,base,lamp,False
22,0.824912153156428,0.7,2025-05-15 06:06:21.552085,2025-05-15 06:07:17.093202,0 days 00:00:55.541117,0,COMPLETE,0.7,0.0023472980979748273,0.0018478082027473522,0.1,True,120.0,0.00075698712593889,0.01316023398439696,2,True,60.0,0.1,bnscale,group,True
9,0.8239428086756332,0.7,2025-05-15 05:53:56.727103,2025-05-15 05:54:52.242117,0 days 00:00:55.515014,0,COMPLETE,0.7,0.0001545155929884067,0.0005568637777551505,0.1,True,150.0,7.693897281107655e-05,0.25067193915845154,2,True,30.0,0.05,base,fpgm,False
54,0.8079486247425178,0.7,2025-05-15 06:36:37.972702,2025-05-15 06:37:33.900479,0 days 00:00:55.927777,1,COMPLETE,0.7,0.00010234323664142213,5.6975039542149146e-05,0.0,True,150.0,0.004710491649448627,0.01316023398439696,2,True,60.0,0.0,bnscale,lamp,False
87,0.8016478856173513,0.7,2025-05-15 07:07:46.113139,2025-05-15 07:08:41.524545,0 days 00:00:55.411406,1,COMPLETE,0.7,0.00011464984821729215,5.6975039542149146e-05,0.0,True,60.0,0.002510491817540475,0.011117835000082874,2,False,,0.0,group,group,True
65,0.7960741548527808,0.7,2025-05-15 06:47:05.840919,2025-05-15 06:48:00.640638,0 days 00:00:54.799719,1,COMPLETE,0.7,0.00015534125660800397,0.0026265424968689886,0.1,True,30.0,0.0029555679808751082,5.678904842129495e-05,3,False,,0.1,base,group,False
18,0.7957106506724827,0.5,2025-05-15 06:02:26.591716,2025-05-15 06:03:27.472927,0 days 00:01:00.881211,0,COMPLETE,0.5,0.0016988787885089513,0.003476758775050124,0.15,False,,0.0008316950581012955,0.002222398117690398,1,True,60.0,0.15,group,group,True
10,0.7955894826123834,0.5,2025-05-15 05:54:52.264840,2025-05-15 05:55:49.160208,0 days 00:00:56.895368,0,COMPLETE,0.5,2.7881960659921813e-05,1.59039126644921e-05,0.1,False,,0.0039663309706373055,0.021425297363748663,2,True,90.0,0.05,group,lamp,False
16,0.7952259784320853,0.7,2025-05-15 06:00:33.182421,2025-05-15 06:01:27.886581,0 days 00:00:54.704160,0,COMPLETE,0.7,0.0001953023074164875,0.003501950499063125,0.0,True,150.0,0.00038001696720456633,0.0001365844092601976,3,True,90.0,0.1,base,group,False
77,0.7935296255906943,0.7,2025-05-15 06:58:15.794969,2025-05-15 06:59:14.197514,0 days 00:00:58.402545,1,COMPLETE,0.7,0.0009871541107757844,0.005346334950022826,0.1,True,60.0,0.005211242122891281,0.04859869196979377,1,False,,0.15,bnscale,group,True
99,0.792075608869502,0.6,2025-05-15 07:19:14.284351,2025-05-15 07:20:10.648455,0 days 00:00:56.364104,1,COMPLETE,0.6,0.0001545155929884067,0.00900024146336536,0.1,True,60.0,0.0010617964355189525,0.25067193915845154,2,True,150.0,0.0,base,fpgm,True
36,0.7760814249363867,0.7,2025-05-15 06:19:27.513797,2025-05-15 06:20:25.603504,0 days 00:00:58.089707,0,COMPLETE,0.7,0.0009871541107757844,0.005346334950022826,0.1,True,90.0,0.005211242122891281,0.04859869196979377,1,False,,0.15,bnscale,fpgm,True
44,0.7665091481885375,0.6,2025-05-15 06:27:05.775823,2025-05-15 06:28:05.581443,0 days 00:00:59.805620,0,COMPLETE,0.6,3.783806477247851e-05,0.00022002493888543647,0.15,True,60.0,0.000368269060973611,0.0005201221732515947,1,False,,0.0,bnscale,lamp,True
35,0.7603295771234703,0.5,2025-05-15 06:18:28.224613,2025-05-15 06:19:27.490486,0 days 00:00:59.265873,0,COMPLETE,0.5,6.485936565863245e-05,0.00036751906202099117,0.0,False,,1.9589616953825042e-05,0.4639750015417795,1,True,150.0,0.05,bnscale,lamp,True
72,0.7565733672603902,0.7,2025-05-15 06:53:34.374188,2025-05-15 06:54:30.342696,0 days 00:00:55.968508,1,COMPLETE,0.7,5.8290865989243266e-05,0.00022002493888543647,0.15,True,90.0,0.000368269060973611,0.007466072138107051,2,False,,0.0,group,lamp,True
45,0.7514843087362171,0.6,2025-05-15 06:28:05.607899,2025-05-15 06:29:04.605310,0 days 00:00:58.997411,0,COMPLETE,0.6,8.89438607456834e-05,1.5147730693335844e-05,0.0,False,,2.696992830283304e-05,0.0040134865192212625,1,False,,0.05,base,fpgm,False
3,0.7219193020719739,0.5,2025-05-15 05:48:16.955250,2025-05-15 05:49:13.865716,0 days 00:00:56.910466,0,COMPLETE,0.5,2.461415062565851e-05,1.8522728229723607e-05,0.15,True,90.0,0.0006484918908653943,4.6668507402411524e-05,2,False,,0.1,base,lamp,False
49,0.7201017811704835,0.5,2025-05-15 06:31:53.992182,2025-05-15 06:32:49.730623,0 days 00:00:55.738441,0,COMPLETE,0.5,2.072169566384792e-05,9.803108896303443e-05,0.05,False,,0.0007723122618480606,3.112131554751843e-05,3,True,30.0,0.1,base,lamp,False
66,0.7106506724827336,0.6,2025-05-15 06:48:00.664876,2025-05-15 06:48:56.721060,0 days 00:00:56.056184,1,COMPLETE,0.6,3.783806477247851e-05,0.00022002493888543647,0.05,True,60.0,0.004887283980860153,9.152894460132054e-05,3,True,120.0,0.0,group,lamp,True
27,0.6973221858718043,0.6,2025-05-15 06:10:57.670429,2025-05-15 06:11:53.741026,0 days 00:00:56.070597,0,COMPLETE,0.6,0.0023167595458019508,0.00900024146336536,0.15,True,120.0,0.0010617964355189525,0.00029672829613144565,2,True,60.0,0.0,bnscale,group,True
52,0.688113413304253,0.5,2025-05-15 06:34:43.788990,2025-05-15 06:35:39.339986,0 days 00:00:55.550996,1,COMPLETE,0.5,2.072169566384792e-05,9.803108896303443e-05,0.05,True,120.0,0.0007723122618480606,3.112131554751843e-05,3,False,,0.1,base,lamp,False
8,0.6832666909002786,0.6,2025-05-15 05:52:57.549970,2025-05-15 05:53:56.706041,0 days 00:00:59.156071,0,COMPLETE,0.6,6.584078945164375e-05,0.010053606786077649,0.0,False,,0.00034032888186937574,4.3499696696058495e-05,1,True,60.0,0.1,base,fpgm,False
89,0.6580637343996122,0.7,2025-05-15 07:09:37.380065,2025-05-15 07:10:36.638795,0 days 00:00:59.258730,1,COMPLETE,0.7,2.461415062565851e-05,0.0007318533645663714,0.1,True,90.0,0.0006484918908653943,4.6668507402411524e-05,1,False,,0.1,bnscale,lamp,False
47,0.6442505755482855,0.6,2025-05-15 06:30:00.913590,2025-05-15 06:30:55.600744,0 days 00:00:54.687154,0,COMPLETE,0.6,0.0012458482526726408,0.019794486562328024,0.05,True,120.0,0.004887283980860153,9.152894460132054e-05,3,True,60.0,0.0,base,fpgm,False
50,0.6351629710408336,0.5,2025-05-15 06:32:49.753301,2025-05-15 06:33:46.265721,0 days 00:00:56.512420,1,COMPLETE,0.5,2.461415062565851e-05,0.015355968769930154,0.15,True,150.0,6.981973584625775e-05,6.0259775698556766e-05,2,False,,0.05,base,lamp,False
58,0.6349206349206349,0.7,2025-05-15 06:40:28.639572,2025-05-15 06:41:24.079037,0 days 00:00:55.439465,1,COMPLETE,0.7,2.6112110981922833e-05,0.0007399514943327037,0.15,True,150.0,0.003261713103774919,4.6377233450625605e-05,3,True,90.0,0.15,bnscale,group,True
30,0.6183206106870229,0.7,2025-05-15 06:13:47.263309,2025-05-15 06:14:42.746850,0 days 00:00:55.483541,0,COMPLETE,0.7,0.0026435224214630053,0.015355968769930154,0.15,True,120.0,6.981973584625775e-05,6.0259775698556766e-05,2,False,,0.0,base,fpgm,True
61,0.6160184175451352,0.5,2025-05-15 06:43:18.445870,2025-05-15 06:44:14.814855,0 days 00:00:56.368985,1,COMPLETE,0.5,0.003497470128149613,0.015337135975561243,0.15,True,90.0,0.00037496515109139986,0.003263834686288188,3,True,30.0,0.15,base,fpgm,False
81,0.6089906700593724,0.7,2025-05-15 07:02:05.015375,2025-05-15 07:03:03.419594,0 days 00:00:58.404219,1,COMPLETE,0.7,2.729135550783889e-05,7.510822769730524e-05,0.0,True,30.0,0.0007277337668022851,2.0487867676493235e-05,1,False,,0.1,bnscale,fpgm,False
14,0.605840300496789,0.7,2025-05-15 05:58:42.318450,2025-05-15 05:59:38.440217,0 days 00:00:56.121767,0,COMPLETE,0.7,2.1459745732316104e-05,0.00019690505403609012,0.0,True,150.0,2.3960541517477843e-05,9.962775035439864e-05,2,True,150.0,0.05,group,group,True
60,0.5789409911547315,0.7,2025-05-15 06:42:20.661516,2025-05-15 06:43:18.423972,0 days 00:00:57.762456,1,COMPLETE,0.7,0.0013125164475291254,0.03463104921839657,0.1,True,120.0,0.001981378999145378,0.013877163009807885,1,False,,0.05,bnscale,fpgm,True
83,0.5750636132315522,0.7,2025-05-15 07:03:58.919814,2025-05-15 07:04:53.661626,0 days 00:00:54.741812,1,COMPLETE,0.7,2.1459745732316104e-05,0.00019690505403609012,0.0,True,30.0,0.00038001696720456633,0.0001365844092601976,3,True,60.0,0.1,group,group,False
11,0.5742154368108567,0.5,2025-05-15 05:55:49.181598,2025-05-15 05:56:45.613756,0 days 00:00:56.432158,0,COMPLETE,0.5,1.4256920359877184e-05,0.002350951552140988,0.15,False,,1.1085931716557242e-05,0.0917460421873611,2,False,,0.1,base,lamp,True
23,0.5581000848176422,0.6,2025-05-15 06:07:17.115919,2025-05-15 06:08:12.201111,0 days 00:00:55.085192,0,COMPLETE,0.6,0.00012063470306551188,0.14745517373482167,0.05,True,120.0,3.194939881688745e-05,1.6091709250647212e-05,3,False,,0.05,base,fpgm,False
1,0.5572519083969466,0.5,2025-05-15 05:46:17.612900,2025-05-15 05:47:13.997255,0 days 00:00:56.384355,0,COMPLETE,0.5,0.003497470128149613,0.015337135975561243,0.15,False,,3.38469420830514e-05,0.003263834686288188,3,True,150.0,0.0,group,fpgm,False
68,0.5467102871683024,0.7,2025-05-15 06:49:52.579930,2025-05-15 06:50:47.518145,0 days 00:00:54.938215,1,COMPLETE,0.7,1.7119749199239577e-05,0.0012474387681670515,0.05,True,60.0,0.008889917997912958,0.019624947055317022,3,True,90.0,0.1,base,group,False
74,0.5229613473888283,0.6,2025-05-15 06:55:25.250362,2025-05-15 06:56:20.782642,0 days 00:00:55.532280,1,COMPLETE,0.6,1.7119749199239577e-05,0.0012474387681670515,0.05,True,60.0,0.004887283980860153,0.01856000946200573,3,False,,0.0,bnscale,group,False
17,0.5112080455591906,0.7,2025-05-15 06:01:27.910366,2025-05-15 06:02:26.566683,0 days 00:00:58.656317,0,COMPLETE,0.7,1.5749392707513922e-05,0.00035371325804798686,0.1,True,90.0,0.0005693056260698368,0.0003828855897197292,1,False,,0.05,bnscale,fpgm,True
85,0.5075730037562098,0.7,2025-05-15 07:05:48.704192,2025-05-15 07:06:46.875158,0 days 00:00:58.170966,1,COMPLETE,0.7,1.5749392707513922e-05,5.396734243713412e-05,0.1,False,,0.0009576235100077977,0.0012970616685260654,1,False,,0.1,group,group,True
90,0.5010299285108445,0.5,2025-05-15 07:10:36.660668,2025-05-15 07:11:36.526417,0 days 00:00:59.865749,1,COMPLETE,0.5,0.00031194515802984344,0.5194896076193803,0.0,False,,0.002159640383265105,0.19710131477910883,1,False,,0.15,base,fpgm,True
86,0.4887919544408094,0.6,2025-05-15 07:06:46.897324,2025-05-15 07:07:46.090415,0 days 00:00:59.193091,1,COMPLETE,0.6,1.0107331838296689e-05,0.00022002493888543647,0.1,False,,0.000368269060973611,0.054049357233897366,1,True,60.0,0.0,base,lamp,True
98,0.4824912153156428,0.6,2025-05-15 07:18:17.791517,2025-05-15 07:19:14.259867,0 days 00:00:56.468350,1,COMPLETE,0.6,0.0002439087293113934,0.504279153812122,0.15,True,60.0,0.0010617964355189525,0.00029672829613144565,3,True,30.0,0.0,bnscale,group,True
38,0.46322549375984484,0.7,2025-05-15 06:21:22.177551,2025-05-15 06:22:20.603675,0 days 00:00:58.426124,0,COMPLETE,0.7,0.006011426176732952,0.03463104921839657,0.1,False,,4.846223775738766e-05,0.007023197000872048,1,False,,0.05,bnscale,fpgm,False
31,0.4565612504543803,0.7,2025-05-15 06:14:42.770692,2025-05-15 06:15:37.912783,0 days 00:00:55.142091,0,COMPLETE,0.7,2.6112110981922833e-05,0.0007399514943327037,0.15,True,90.0,4.565380341487802e-05,4.6377233450625605e-05,3,True,30.0,0.1,bnscale,lamp,True
39,0.4483218223676239,0.5,2025-05-15 06:22:20.624892,2025-05-15 06:23:20.857089,0 days 00:01:00.232197,0,COMPLETE,0.5,0.00031194515802984344,0.5194896076193803,0.15,False,,0.002078527552568663,0.19710131477910883,1,False,,0.1,base,fpgm,False
43,0.4311159578335151,0.7,2025-05-15 06:26:07.403090,2025-05-15 06:27:05.754300,0 days 00:00:58.351210,0,COMPLETE,0.7,6.65508012102104e-05,0.45783915521456686,0.1,True,150.0,2.2357433507346234e-05,0.3766761316278162,1,False,,0.1,base,group,True
78,0.4271174118502363,0.6,2025-05-15 06:59:14.219674,2025-05-15 07:00:10.725828,0 days 00:00:56.506154,1,COMPLETE,0.6,0.00015534125660800397,0.6768131159896335,0.1,True,90.0,0.0029555679808751082,5.678904842129495e-05,2,True,90.0,0.1,base,group,True
6,0.4108808917969223,0.6,2025-05-15 05:51:05.979966,2025-05-15 05:52:01.371779,0 days 00:00:55.391813,0,COMPLETE,0.6,1.213233630582637e-05,0.0034807213125519093,0.15,False,,0.005898217501998617,0.00019681117025327225,3,True,150.0,0.15,group,lamp,False
82,0.38688961589724946,0.6,2025-05-15 07:03:03.445890,2025-05-15 07:03:58.898324,0 days 00:00:55.452434,1,COMPLETE,0.6,1.213233630582637e-05,0.0034807213125519093,0.15,True,150.0,0.005898217501998617,0.00019681117025327225,3,True,150.0,0.15,group,lamp,False
0,0.3853144311159578,0.7,2025-05-15 05:45:22.606500,2025-05-15 05:46:17.586851,0 days 00:00:54.980351,0,COMPLETE,0.7,0.00592563867039032,0.3599463076775596,0.05,False,,0.0038862280614876807,0.004183562218720666,2,True,30.0,0.0,group,lamp,True
37,0.3853144311159578,0.6,2025-05-15 06:20:25.624955,2025-05-15 06:21:22.156667,0 days 00:00:56.531712,0,COMPLETE,0.6,0.008255677776008377,0.504279153812122,0.05,False,,0.00044439258514503155,0.006917865135703347,2,True,60.0,0.0,group,fpgm,False
46,0.3853144311159578,0.5,2025-05-15 06:29:04.626817,2025-05-15 06:30:00.888845,0 days 00:00:56.262028,0,COMPLETE,0.5,0.0043597056512544,0.5003440692483798,0.15,False,,1.801296756948212e-05,0.13094020170720594,2,True,30.0,0.15,group,lamp,True
7,0.3853144311159578,0.5,2025-05-15 05:52:01.394004,2025-05-15 05:52:57.526349,0 days 00:00:56.132345,0,COMPLETE,0.5,1.780939339311399e-05,0.061062214666458364,0.0,True,60.0,0.008614002982028102,0.0004680873404843945,3,True,60.0,0.0,bnscale,lamp,True
93,0.3853144311159578,0.7,2025-05-15 07:13:31.397102,2025-05-15 07:14:25.633449,0 days 00:00:54.236347,1,COMPLETE,0.7,0.0023472980979748273,0.5861192932637743,0.1,True,90.0,0.00075698712593889,0.01316023398439696,3,True,90.0,0.1,bnscale,group,True
57,0.3853144311159578,0.5,2025-05-15 06:39:32.227830,2025-05-15 06:40:28.617025,0 days 00:00:56.389195,1,COMPLETE,0.5,0.0043597056512544,0.5003440692483798,0.15,False,,1.801296756948212e-05,0.13094020170720594,2,True,150.0,0.15,group,lamp,True
48,0.38495092693565974,0.7,2025-05-15 06:30:55.622896,2025-05-15 06:31:53.971493,0 days 00:00:58.348597,0,COMPLETE,0.7,0.004395312232517577,0.301943295203489,0.15,True,30.0,0.00031406518191890744,0.27768569884460687,1,False,,0.1,bnscale,fpgm,False
26,0.384345086635163,0.7,2025-05-15 06:10:03.451252,2025-05-15 06:10:57.649019,0 days 00:00:54.197767,0,COMPLETE,0.7,1.7119749199239577e-05,0.0012474387681670515,0.05,True,120.0,0.008889917997912958,0.01856000946200573,3,False,,0.15,bnscale,group,True
67,0.3832545740942687,0.5,2025-05-15 06:48:56.745115,2025-05-15 06:49:52.555317,0 days 00:00:55.810202,1,COMPLETE,0.5,1.780939339311399e-05,0.061062214666458364,0.0,True,90.0,0.008614002982028102,0.0004680873404843945,3,True,150.0,0.0,bnscale,lamp,True
4,0.3828910699139707,0.5,2025-05-15 05:49:13.887331,2025-05-15 05:50:09.547988,0 days 00:00:55.660657,0,COMPLETE,0.5,1.4121257081240679e-05,0.14563170246774604,0.1,True,60.0,0.0010609902093750168,0.0001956098104327357,3,False,,0.1,bnscale,lamp,True
42,0.3798618684114867,0.7,2025-05-15 06:25:12.263269,2025-05-15 06:26:07.380311,0 days 00:00:55.117042,0,COMPLETE,0.7,5.8290865989243266e-05,0.8430442666038563,0.15,True,60.0,0.006087742969495339,0.007466072138107051,2,False,,0.0,group,fpgm,True
5,0.37974070035138735,0.6,2025-05-15 05:50:09.570053,2025-05-15 05:51:05.955625,0 days 00:00:56.385572,0,COMPLETE,0.6,2.288155710125835e-05,0.40009997609143827,0.05,True,150.0,2.4619857941871096e-05,0.008960910227778104,2,True,30.0,0.15,group,fpgm,True
