number,value,datetime_start,datetime_complete,duration,params_kd_dropout,params_kd_lamb,params_kd_lr,params_kd_momentum,params_kd_norm,params_kd_residual,params_kd_scheduler,params_kd_smoothing,params_kd_warnup,params_kd_weight_decay,params_prune_mlp,params_prune_rate,state
15,0.849,45:18.0,46:44.4,0 days 00:01:26.424181,,0.7,0.000375272,0.995,,,FALSE,0.25,,0.005208643,TRUE,0.6,COMPLETE
23,0.849,56:35.4,58:00.5,0 days 00:01:25.108429,,0.9,0.000601139,0.99,,,FALSE,0.3,,0.001752326,TRUE,0.6,COMPLETE
49,0.848666667,34:01.6,35:25.2,0 days 00:01:23.601556,,0.7,0.000465118,0.99,,,TRUE,0.2,0.3,0.005641083,TRUE,0.6,COMPLETE
31,0.847666667,07:32.8,09:03.9,0 days 00:01:31.104296,,0.9,0.00058483,0.99,,,FALSE,0.3,,0.00314132,TRUE,0.6,COMPLETE
19,0.846,50:53.4,52:19.6,0 days 00:01:26.167335,,0.9,0.000314695,0.99,,,FALSE,0.3,,0.004751031,TRUE,0.6,COMPLETE
33,0.846,10:35.3,12:06.0,0 days 00:01:30.698873,,0.9,0.001100232,0.99,,,FALSE,0.25,,0.00078297,TRUE,0.6,COMPLETE
48,0.845666667,32:30.2,34:01.5,0 days 00:01:31.270806,,0.5,0.001899462,0.995,,,FALSE,0.3,,0.00010318,TRUE,0.6,COMPLETE
42,0.845333333,23:31.5,25:02.6,0 days 00:01:31.078035,,0.8,0.00089214,0.99,,,FALSE,0.25,,0.000866958,TRUE,0.6,COMPLETE
24,0.844666667,58:00.6,59:25.9,0 days 00:01:25.360562,,0.9,0.000570742,0.99,,,FALSE,0.3,,0.002667576,TRUE,0.6,COMPLETE
35,0.844666667,13:34.9,15:06.2,0 days 00:01:31.343733,,0.8,9.25E-05,0.9,,,TRUE,0.25,0.35,0.000495172,TRUE,0.6,COMPLETE
32,0.844333333,09:03.9,10:35.3,0 days 00:01:31.346015,,0.8,0.000562756,0.99,,,FALSE,0.3,,0.009389063,TRUE,0.6,COMPLETE
22,0.844,55:10.3,56:35.4,0 days 00:01:25.068012,,0.7,0.001662643,0.99,,,FALSE,0.25,,0.002315994,TRUE,0.6,COMPLETE
6,0.843666667,32:53.9,34:20.3,0 days 00:01:26.392201,,0.5,2.67E-05,0.99,,,FALSE,0.2,,0.016615765,TRUE,0.5,COMPLETE
21,0.843666667,53:45.3,55:10.3,0 days 00:01:24.951683,,0.7,0.001571175,0.99,,,FALSE,0.25,,0.006200373,TRUE,0.6,COMPLETE
41,0.843666667,21:59.5,23:31.5,0 days 00:01:31.985173,,0.9,0.000986299,0.99,,,FALSE,0.25,,0.000692855,TRUE,0.6,COMPLETE
46,0.843666667,29:28.5,31:00.0,0 days 00:01:31.545088,,0.8,0.00082172,0.99,,,FALSE,0.15,,0.010819617,TRUE,0.6,COMPLETE
18,0.843333333,49:37.9,50:53.4,0 days 00:01:15.475897,0.8,0.7,2.54E-05,0.995,layer,FALSE,FALSE,0.1,,0.10336466,FALSE,0.5,COMPLETE
16,0.842,46:44.5,48:11.5,0 days 00:01:26.995303,,0.1,0.000372233,0.99,,,FALSE,0.1,,0.004155163,TRUE,0.6,COMPLETE
34,0.842,12:06.0,13:34.9,0 days 00:01:28.817697,,0.7,0.000649401,0.99,,,FALSE,0.3,,0.003248698,TRUE,0.6,COMPLETE
37,0.842,16:25.5,17:48.6,0 days 00:01:23.036305,,0.9,0.002228671,0.99,,,FALSE,0.3,,0.013137212,TRUE,0.6,COMPLETE
39,0.842,19:07.8,20:40.5,0 days 00:01:32.687940,,0.6,0.000505035,0.99,,,FALSE,0.2,,0.002077962,TRUE,0.6,COMPLETE
3,0.841666667,28:59.5,30:26.0,0 days 00:01:26.423982,,0.7,0.003491275,0.995,,,FALSE,0.25,,0.020379304,TRUE,0.6,COMPLETE
47,0.841333333,31:00.1,32:30.2,0 days 00:01:30.144439,,0.9,0.0012672,0.99,,,FALSE,0.2,,0.030309887,TRUE,0.6,COMPLETE
50,0.841333333,35:25.2,36:49.1,0 days 00:01:23.902013,,0.4,0.000106207,0.9,,,TRUE,0.2,0.3,0.006402249,TRUE,0.5,COMPLETE
28,0.841,03:25.1,04:51.4,0 days 00:01:26.323575,,0.9,0.000246058,0.9,,,FALSE,0.25,,0.054461872,TRUE,0.6,COMPLETE
43,0.840666667,25:02.6,26:33.8,0 days 00:01:31.138660,,0.9,0.001100229,0.99,,,FALSE,0.3,,0.000267853,TRUE,0.6,COMPLETE
12,0.838666667,41:01.4,42:27.4,0 days 00:01:26.046135,,0.6,0.000735425,0.995,,,FALSE,0.3,,0.22610564,TRUE,0.5,COMPLETE
44,0.838666667,26:33.8,28:03.7,0 days 00:01:29.911898,,0.9,0.000318974,0.99,,,FALSE,0.25,,0.001432089,TRUE,0.6,COMPLETE
11,0.838333333,39:36.0,41:01.3,0 days 00:01:25.305875,,0.6,0.00402615,0.99,,,FALSE,0.3,,0.019373092,TRUE,0.5,COMPLETE
1,0.837,26:21.1,27:34.3,0 days 00:01:13.227472,0.5,0.8,6.72E-05,0.9,layer,FALSE,TRUE,0.25,0.2,0.000246787,FALSE,0.6,COMPLETE
7,0.837,34:20.4,35:46.6,0 days 00:01:26.251028,,0.8,0.000167869,0.9,,,TRUE,0.2,0.5,0.000464372,TRUE,0.6,COMPLETE
20,0.837,52:19.7,53:45.3,0 days 00:01:25.624671,,0.9,0.000340388,0.99,,,FALSE,0.3,,9.28E-05,TRUE,0.6,COMPLETE
14,0.836,43:53.0,45:18.0,0 days 00:01:24.915338,,0.4,0.001414167,0.99,,,FALSE,0.2,,0.10407589,TRUE,0.5,COMPLETE
13,0.835,42:27.4,43:53.0,0 days 00:01:25.564652,,0.6,0.009204798,0.99,,,FALSE,0.2,,0.006289752,TRUE,0.5,COMPLETE
2,0.834666667,27:34.3,28:59.5,0 days 00:01:25.177530,,0.5,1.66E-05,0.995,,,FALSE,0.05,,0.001106106,TRUE,0.6,COMPLETE
27,0.834666667,02:01.3,03:25.1,0 days 00:01:23.781373,,0.8,0.001016571,0.99,,,FALSE,0,,0.000277298,TRUE,0.6,COMPLETE
40,0.833666667,20:40.5,21:59.4,0 days 00:01:18.908167,0.65,0.7,0.000237386,0.8,layer,FALSE,TRUE,0.25,0.5,0.000561918,FALSE,0.6,COMPLETE
17,0.83,48:11.5,49:37.9,0 days 00:01:26.393489,,0.4,0.00031175,0.995,,,FALSE,0.2,,1.51E-05,TRUE,0.5,COMPLETE
8,0.829666667,35:46.7,37:05.1,0 days 00:01:18.483284,,0.3,3.40E-05,0.995,,,FALSE,0.15,,0.033106649,TRUE,0.7,COMPLETE
0,0.829333333,25:06.5,26:21.0,0 days 00:01:14.555352,0.2,0.9,0.000893137,0.8,batch,TRUE,FALSE,0.05,,0.00116987,FALSE,0.6,COMPLETE
38,0.828,17:48.6,19:07.8,0 days 00:01:19.160444,,0.8,0.00014959,0.9,,,TRUE,0.25,0.1,0.003888129,TRUE,0.7,COMPLETE
4,0.825333333,30:26.0,31:43.3,0 days 00:01:17.267650,,0.5,0.000134064,0.9,,,TRUE,0.05,0,0.000435079,TRUE,0.7,COMPLETE
36,0.825333333,15:06.3,16:25.5,0 days 00:01:19.222249,0.1,0.9,0.000195429,0.995,batch,TRUE,FALSE,0.3,,0.00017722,FALSE,0.6,COMPLETE
30,0.821666667,06:08.5,07:32.7,0 days 00:01:24.224052,,0.8,0.002807147,0.995,,,FALSE,0.25,,0.001598294,TRUE,0.7,COMPLETE
9,0.821333333,37:05.2,38:22.5,0 days 00:01:17.329286,,0.1,5.84E-05,0.8,,,TRUE,0.25,0.2,4.47E-05,TRUE,0.7,COMPLETE
25,0.820666667,59:26.0,00:44.6,0 days 00:01:18.670390,,0.8,0.000214554,0.995,,,FALSE,0.3,,0.00115147,TRUE,0.7,COMPLETE
45,0.817,28:03.8,29:28.4,0 days 00:01:24.692306,,0.8,0.004825476,0.995,,,FALSE,0.3,,0.004489783,TRUE,0.7,COMPLETE
5,0.802666667,31:43.3,32:53.9,0 days 00:01:10.577902,0.2,0.8,0.000113331,0.8,batch,TRUE,TRUE,0.05,0.4,0.758623955,FALSE,0.7,COMPLETE
29,0.769333333,04:51.5,06:08.5,0 days 00:01:16.997359,0.4,0.9,7.34E-05,0.8,,FALSE,FALSE,0.3,,0.001186851,FALSE,0.6,COMPLETE
26,0.741,00:44.7,02:01.3,0 days 00:01:16.577986,0.5,0.9,0.000434479,0.8,,TRUE,TRUE,0.3,0,0.008282086,FALSE,0.6,COMPLETE
10,0.511666667,38:22.5,39:36.0,0 days 00:01:13.435812,0.8,0.3,1.07E-05,0.99,,FALSE,FALSE,0.15,,0.021661316,FALSE,0.5,COMPLETE
51,,36:49.1,36:53.7,0 days 00:00:04.538636,,0.6,0.000455556,0.99,,,TRUE,0.15,0.15,0.002117552,TRUE,0.6,FAIL
52,,36:53.8,,,,0.6,0.000418017,0.99,,,TRUE,0.15,0.15,0.002299193,TRUE,0.6,RUNNING
